SECURE_DELETE,ENABLE_ATOMIC_WRITE,ENABLE_STAT2,DISABLE_LFS,DISABLE_DIRSYNC,OMIT_AUTOMATIC_INDEX,OMIT_BETWEEN_OPTIMIZATION,OMIT_BTREECOUNT,OMIT_LIKE_OPTIMIZATION,OMIT_LOOKASIDE,OMIT_OR_OPTIMIZATION,OMIT_QUICKBALANCE,OMIT_SHARED_CACHE,OMIT_XFER_OPT,<$fillrand100K
0,0,0,1,0,1,1,0,0,1,1,1,1,0,0.029690408
0,0,0,0,1,0,1,0,0,1,0,0,0,1,0.074775842
0,1,0,1,0,1,0,1,0,0,1,0,1,1,0.077482659
1,1,0,0,0,1,0,0,1,1,0,1,0,1,0.049568601
1,0,0,1,1,1,0,1,1,1,0,0,1,1,0.04525461
1,1,1,1,0,0,1,0,1,1,1,0,1,0,0.093469802
0,1,1,1,1,1,1,0,0,1,0,1,1,0,0.048130604
1,0,1,0,1,0,0,1,1,1,0,0,0,1,0.058788699
1,0,1,1,1,0,1,0,1,1,1,1,1,0,0.064879039
1,0,0,1,1,1,0,1,1,0,1,1,0,0,0.132634072
0,1,0,1,0,1,1,0,0,1,0,1,0,0,0.037303333
0,0,0,1,0,1,0,1,0,1,1,1,0,0,0.102351548
0,1,0,0,1,1,0,0,1,0,1,0,1,0,0.041109795
0,1,1,1,1,0,0,1,0,1,0,0,1,0,0.012434444
1,1,0,1,1,0,0,1,1,0,1,0,0,0,0.07181526
0,0,1,0,1,1,0,1,1,1,0,0,0,0,0.024445948
1,0,0,0,1,0,0,1,1,0,0,1,0,1,0.042886144
1,1,0,0,0,0,0,1,0,0,1,1,1,1,0.07486043
1,1,0,1,0,0,1,0,0,1,0,1,0,0,0.066232448
0,0,0,0,0,1,0,1,1,0,0,1,0,1,0.033581458
0,1,1,1,1,0,0,0,0,1,0,0,1,1,0.024530536
1,0,0,0,1,1,0,0,1,1,1,0,0,0,0.033835222
0,1,1,1,0,0,0,0,0,0,1,0,1,1,0.021992895
1,1,1,1,1,0,0,1,0,1,1,0,1,0,0.030367112
1,1,0,1,0,0,0,0,1,1,0,0,1,1,0.070038911
0,0,1,0,0,0,1,0,1,1,0,1,0,0,0.096514972
0,1,1,0,1,1,0,1,1,0,0,1,1,0,0.056673998
1,0,0,1,1,0,1,1,0,0,0,1,1,0,0.111317882
1,1,1,0,0,0,1,0,1,0,0,0,0,1,0.0361191
0,0,0,0,1,0,0,0,1,0,1,0,1,0,0.046185079
0,0,0,0,1,0,0,0,0,1,1,1,1,0,0.05049907
1,0,1,1,1,1,0,1,0,0,0,1,0,0,0.098037557
0,1,0,1,0,0,0,0,1,0,0,0,0,1,0.165285062
0,1,0,1,0,0,0,0,0,0,1,1,0,1,0.435205549
1,1,0,1,1,1,0,1,0,0,0,0,0,0,0.048891896
0,1,1,0,0,0,1,0,0,1,1,1,0,0,0.094823211
0,1,1,0,0,0,0,1,0,1,1,0,0,1,0.042970733
1,1,1,0,1,1,0,0,1,0,1,1,1,1,0.075621722
0,0,0,0,1,0,1,0,1,0,1,0,1,0,0.039756386
0,0,0,1,1,1,0,0,0,0,0,1,1,1,0.086448993
1,0,0,0,1,0,1,1,0,0,1,0,1,0,0.013618677
1,0,0,1,0,1,0,1,1,0,0,0,1,0,0.017594316
0,1,1,0,0,0,1,1,1,1,1,1,0,0,0.10488919
1,0,1,1,0,0,0,0,1,1,1,0,1,0,0.031212993
0,0,0,1,1,0,0,1,0,1,1,0,1,1,0.038910506
1,1,1,1,1,0,0,1,1,1,0,0,1,0,0.155811199
1,0,1,0,0,1,1,1,1,0,1,1,0,1,0.156318728
0,1,0,1,1,1,0,0,1,1,0,0,1,0,0.005751988
0,1,1,1,1,1,1,0,1,1,1,0,1,0,0.042294028
0,1,0,1,0,0,1,1,1,1,1,0,0,0,0.071392319
1,0,1,1,1,0,1,0,1,1,0,1,1,0,0.122652681
1,0,0,1,1,1,1,0,0,0,1,1,1,0,0.091947217
1,0,0,1,0,0,1,1,0,0,0,0,0,1,0.070377263
1,1,1,0,0,1,0,0,1,0,1,0,1,1,0.107765184
0,0,1,1,0,1,0,1,1,1,0,0,0,0,0.021908307
1,0,0,0,1,1,0,1,0,1,1,1,1,0,0.054136356
1,1,1,0,0,0,0,1,0,0,0,0,0,1,0.032904754
0,0,1,0,1,1,1,0,0,0,1,0,0,0,0.046608019
1,1,1,0,0,0,0,0,0,1,1,0,0,0,0.084757232
0,0,0,0,0,1,1,1,1,0,0,1,1,0,0.08661817
0,0,1,1,1,0,1,1,0,0,1,0,0,0,0.060311284
0,1,0,0,0,1,1,1,1,1,0,1,1,0,0.06005752
0,0,0,1,0,0,0,0,0,1,1,0,0,1,0.075875486
1,0,0,0,1,1,0,1,0,1,1,1,0,0,0.042463204
0,0,1,1,0,0,1,1,0,1,1,1,1,0,0.034004399
0,1,1,1,1,0,1,0,0,0,1,0,1,0,0.060987988
0,0,0,1,0,0,0,0,0,1,0,1,1,0,0.104804602
0,1,0,1,0,0,1,0,0,1,1,0,1,1,0.059380815
0,0,1,1,1,0,1,0,1,1,1,0,1,0,0.012265268
0,0,0,1,1,0,1,0,1,1,0,0,1,0,0.083150059
0,0,1,0,0,0,0,0,1,0,1,0,1,1,0.006936221
0,0,1,0,1,0,1,0,0,0,0,0,0,1,0.035273219
0,1,1,1,1,1,1,0,1,1,0,1,1,1,0.05439012
1,1,0,1,0,0,0,1,0,1,0,1,0,0,0.11791575
1,0,1,1,0,0,0,1,1,1,1,0,0,0,0.067078329
1,1,0,0,1,1,1,0,0,0,0,1,1,0,0.077990188
1,0,0,1,1,1,1,0,1,1,1,1,0,1,0.063356454
0,0,0,0,0,1,0,1,0,0,0,0,0,1,0.094823211
1,1,1,1,1,1,1,1,1,1,1,0,0,1,0.039671798
0,0,1,1,0,0,1,1,0,0,1,1,0,0,0.108188124
1,1,1,0,1,0,1,1,1,1,0,1,0,0,0.075198782
0,0,0,1,1,0,0,0,0,1,1,0,1,0,0.048807308
1,1,0,0,1,0,0,0,1,0,0,1,1,0,0.073760785
0,1,0,1,1,0,0,0,0,0,0,1,1,0,0.131449839
1,0,0,1,0,1,0,0,1,1,1,1,1,0,0.122145153
1,1,1,1,1,1,0,0,1,1,1,0,0,0,0.154119438
1,0,1,0,1,1,0,0,1,1,1,1,0,1,0.054136356
0,0,1,1,0,1,0,1,0,0,1,1,0,1,0.097952969
0,1,0,1,0,0,1,1,1,1,1,0,1,1,0.099475554
1,0,0,1,1,1,1,0,1,0,0,1,1,0,0.06005752
1,0,0,1,1,0,1,0,1,1,0,1,1,0,0.074691254
0,0,1,1,0,0,0,0,1,1,0,0,1,0,0.04829978
0,0,0,0,1,1,1,1,1,0,1,0,1,0,0.107849772
1,0,0,1,1,1,1,1,1,0,1,0,0,1,0.047200135
1,1,0,0,0,1,0,0,1,0,0,1,0,0,0.041025207
1,0,1,1,0,0,0,0,0,0,1,1,0,0,0.09008628
1,0,1,0,1,0,0,0,1,0,0,1,0,0,0.062256809
0,1,1,1,1,1,0,1,1,0,0,0,0,0,0.057266114
0,1,0,0,0,1,0,0,1,0,1,1,0,0,0.064456099
1,0,0,0,1,1,0,0,0,1,1,0,0,1,0.088056166
1,1,0,1,1,0,0,1,1,0,0,1,0,0,0.116900694
1,0,1,1,0,1,0,1,1,1,1,0,1,1,0.06310269
0,1,1,0,1,1,1,0,0,1,1,0,0,1,0.044916258
1,1,0,1,0,0,1,1,0,0,1,1,1,0,0.070292675
0,1,0,1,1,0,1,1,0,1,1,0,1,0,0.053882592
1,0,0,1,1,0,1,1,0,1,0,1,0,1,0.095415327
1,1,1,0,1,0,0,0,1,0,0,0,0,1,0.111740822
0,0,1,1,0,0,1,0,0,1,0,1,0,1,0.047200135
0,1,1,0,0,0,1,1,0,0,1,0,0,1,0.026645238
0,1,1,1,1,1,0,0,0,1,1,1,0,1,0.042970733
1,0,1,0,0,0,1,0,1,0,0,1,0,0,0.069531382
0,0,1,0,0,1,1,0,1,0,0,0,1,1,0.065894096
1,1,1,0,0,0,0,1,0,0,1,1,1,1,0.115208932
0,0,0,1,0,1,1,1,1,1,0,0,0,0,0.061072577
0,1,1,0,0,0,0,0,1,0,1,1,1,1,0.069700558
0,1,0,0,0,0,0,1,0,1,1,1,1,0,0.068431737
0,1,1,1,1,0,1,1,1,1,1,0,0,0,0.038402977
0,0,0,1,1,0,0,0,0,1,1,1,0,1,0.100152259
1,0,1,0,0,1,0,0,0,0,0,0,1,1,0.980713923
1,0,1,0,1,1,0,0,1,1,0,1,0,0,0.075367958
0,1,1,1,0,1,0,0,0,0,0,1,0,0,0.078836068
1,0,1,1,0,1,0,1,0,0,0,0,1,1,0.103366605
0,1,1,1,1,0,0,1,1,1,1,0,0,0,0.083911352
0,1,0,1,1,0,1,0,0,1,1,0,1,0,0.075367958
0,0,1,1,1,0,0,1,1,1,1,0,1,0,0.054643884
1,0,1,1,1,1,1,1,0,1,1,0,1,0,0.042294028
0,0,1,1,1,0,1,0,0,1,1,1,0,1,0.055066825
1,1,0,0,0,0,1,1,1,1,1,0,1,0,0.095330739
0,1,1,1,0,1,0,0,0,0,1,1,1,0,0.068939266
1,1,1,1,0,1,1,1,1,1,1,0,1,1,0.045000846
1,1,1,0,0,0,1,0,0,1,1,0,1,1,0.06699374
1,0,0,0,0,1,1,1,1,1,0,1,1,0,0.084757232
1,1,0,1,1,0,1,1,0,1,0,1,1,1,0.121553037
1,0,1,1,1,1,0,0,1,0,1,0,0,1,0.034004399
0,0,1,1,0,0,1,0,0,0,1,0,1,0,0.086110641
1,1,0,1,0,1,0,1,0,1,0,0,0,0,0.038487566
1,1,1,0,0,1,1,0,1,0,0,1,0,0,0.077821012
1,1,0,1,0,1,1,0,1,1,0,1,0,1,0.051260362
1,0,1,0,1,0,1,1,0,1,0,1,1,0,0.075537134
1,0,1,1,0,1,0,0,1,0,1,1,0,1,0.064117747
1,0,0,0,1,0,0,1,0,1,1,0,1,1,0.047623076
1,0,0,1,0,0,0,1,1,1,1,0,0,0,0.04263238
1,0,1,0,0,1,1,1,1,1,1,0,0,1,0.024276772
1,0,0,0,0,1,0,1,0,0,0,0,1,0,0.054897648
0,1,1,1,1,1,0,0,1,1,0,0,1,1,0.120453392
1,1,1,1,1,1,0,1,0,0,0,1,1,0,0.058788699
1,1,1,1,0,0,1,0,1,1,0,0,1,0,0.025376417
0,1,0,1,0,0,1,0,1,0,0,1,0,0,0.122398917
0,1,0,1,1,0,1,0,1,1,1,0,0,1,0.089747928
0,0,1,1,0,1,0,1,1,0,0,0,0,0,0.027575706
0,0,1,1,0,1,0,1,0,1,0,0,1,0,0.04263238
0,0,0,1,1,0,0,0,0,1,1,0,1,0,0.113940112
0,1,1,0,1,0,0,1,0,0,0,1,1,0,0.098714262
0,1,1,1,0,1,0,1,0,0,1,1,1,1,0.059211639
1,1,0,0,1,1,1,0,0,1,1,1,1,1,0.118846219
1,1,1,0,0,0,0,1,1,0,0,1,1,1,0.125613263
1,1,1,1,1,1,0,1,1,0,0,0,1,0,0.059127051
1,1,0,0,0,1,0,1,1,0,1,1,1,0,0.078836068
0,1,0,0,0,1,0,1,1,0,0,1,0,0,0.061495517
1,0,1,1,1,1,0,1,1,0,0,1,1,1,0.152427677
1,0,0,1,1,1,0,0,1,0,1,0,1,1,0.032058873
0,1,0,1,1,1,0,1,1,0,0,1,1,0,0.059888344
1,1,1,1,1,1,1,1,1,0,0,0,1,0,0.112248351
0,0,1,1,1,1,0,1,1,1,1,1,1,1,0.038149213
0,1,1,0,0,0,0,0,0,1,0,1,1,1,0.070631027
1,0,1,0,0,0,1,1,1,0,0,0,0,1,0.101336491
1,1,0,1,0,0,0,0,0,0,0,0,1,0,0.036288276
0,1,1,0,1,1,1,1,1,1,0,0,1,1,0.020216545
1,1,1,1,1,0,1,0,1,0,0,0,1,1,0.089578751
1,1,1,0,0,1,0,0,0,1,1,1,0,0,0.070715615
0,1,1,1,1,0,1,0,0,1,1,1,1,0,0.07266114
1,1,1,1,1,0,1,0,1,1,0,1,1,0,0.052444595
1,0,0,0,1,0,1,1,1,1,0,0,0,0,0.025038065
0,1,0,0,0,1,0,1,1,0,0,1,1,1,0.064202335
0,1,0,0,1,0,0,1,1,1,0,0,1,1,0.034258163
0,1,1,0,0,0,0,0,1,1,0,1,0,1,0.035611572
1,0,0,1,1,1,0,1,0,1,1,1,1,0,0.165031298
0,0,1,0,1,0,0,1,1,1,1,0,1,0,0.010996447
0,1,1,1,1,0,0,1,1,1,1,1,1,1,0.0779056
1,0,0,1,1,1,0,1,0,1,1,1,0,1,0.06352563
0,0,0,1,0,0,1,0,0,1,1,1,1,1,0.065132803
1,0,0,0,1,1,1,0,0,0,0,0,0,0,0.079851125
1,1,0,1,0,1,1,0,1,1,0,0,0,1,0.017509728
1,1,1,0,1,0,1,1,0,0,1,1,0,1,0.227964811
0,0,1,0,0,0,0,0,1,0,0,0,0,1,0.012688208
1,1,0,1,1,0,1,0,1,1,1,1,1,1,0.112755879
0,0,1,1,1,1,0,1,0,0,0,1,0,1,0.060311284
0,0,1,1,1,1,1,0,1,0,0,1,0,0,0.072830316
0,1,1,1,0,0,0,0,0,1,1,1,1,1,0.088479107
0,1,1,0,1,1,0,0,1,1,1,1,0,1,0.101759432
1,0,0,1,1,1,1,0,0,1,0,1,0,0,0.117746574
0,1,0,1,1,1,1,1,1,0,0,1,1,1,0.098714262
1,0,1,1,0,0,0,0,0,0,1,1,1,0,0.24412113
1,1,0,0,0,1,0,1,0,1,1,1,0,1,0.11706987
0,1,0,0,0,0,0,1,1,0,0,0,0,1,0.041617324
0,1,1,0,1,0,1,0,0,0,0,1,1,1,0.050583658
1,0,1,1,0,0,0,0,1,1,1,0,0,0,0.075537134
1,1,1,0,1,1,0,1,1,0,0,1,0,1,0.11097953
0,1,1,1,1,1,1,0,0,1,0,0,0,0,0.046185079
1,0,1,0,1,1,0,1,1,1,1,1,1,0,0.129081374
0,0,1,0,1,0,0,1,1,0,0,1,0,0,0.034173575
1,0,0,1,1,1,0,1,0,1,0,0,1,0,0.077228895
1,0,1,1,1,0,0,0,1,0,0,1,0,1,0.159533074
1,0,0,0,1,1,1,1,1,1,1,1,0,0,0.102774488
0,0,0,0,1,0,0,1,0,0,0,0,1,0,0.0056674
0,1,1,0,0,0,1,0,0,1,1,1,1,1,0.120368804
0,1,1,1,0,1,1,0,1,1,0,1,0,0,0.046438843
0,0,0,0,1,1,1,1,1,0,0,1,1,1,0.075621722
1,1,1,0,0,1,1,0,1,0,0,1,1,1,0.092454745
0,1,1,0,0,1,1,0,1,0,0,0,0,0,0.116900694
1,1,1,0,0,1,0,1,1,1,1,0,1,0,0.070969379
0,1,1,1,0,1,0,0,1,0,0,0,1,0,0.06572492
1,1,1,1,0,1,0,0,1,0,1,1,1,1,0.149890036
1,1,1,0,1,0,1,1,0,1,1,1,0,0,0.083742176
1,1,0,1,0,0,1,0,0,0,0,1,0,0,0.05134495
1,1,0,0,1,0,0,0,1,1,1,0,1,1,0.120199628
1,1,0,0,0,1,0,1,0,0,0,1,0,0,0.111909998
0,1,0,1,1,1,1,0,0,1,1,0,0,0,0.023092539
0,1,0,0,1,1,0,0,0,0,0,1,1,1,0.11097953
0,0,1,0,1,1,1,1,0,1,0,0,1,0,0.067416681
0,0,0,0,0,1,1,1,1,0,1,0,1,1,0.048976485
0,1,1,1,1,1,0,0,0,1,0,1,0,1,0.080697006
1,1,1,1,1,0,1,0,1,0,0,1,1,1,0.064371511
0,1,1,1,0,1,1,0,0,1,1,0,1,1,0.013703265
0,0,0,0,0,0,1,0,1,0,1,0,0,0,0.040179327
0,0,0,1,0,0,0,0,1,0,1,0,0,1,0.015817967
0,1,0,0,0,0,0,0,0,1,1,0,1,1,0.031889697
1,1,0,0,1,1,1,1,1,1,1,0,0,1,0.027914059
0,1,0,1,0,0,1,0,1,0,0,0,1,0,0.099729318
1,1,1,1,0,0,1,0,0,1,1,1,0,1,0.059972932
1,1,0,1,0,0,0,0,0,1,1,0,1,0,0.098545085
1,0,0,1,1,1,1,1,0,0,0,0,0,1,0.057519878
0,0,0,1,0,1,1,1,1,0,0,1,0,1,0.089324987
1,1,0,0,0,0,1,0,1,1,0,0,1,0,0.029521232
0,0,0,1,1,1,0,1,1,0,1,0,1,0,0.041955676
1,1,0,0,1,1,1,1,0,0,1,0,1,1,0.046438843
0,1,0,1,0,1,0,1,1,1,0,1,0,1,0.09964473
0,0,1,1,1,0,0,0,0,1,1,1,1,1,0.103874133
1,0,0,0,1,0,1,1,1,0,0,1,1,0,0.087210286
0,0,1,1,1,1,1,1,0,0,1,1,0,1,0.080274065
0,0,1,1,0,0,1,1,1,1,1,0,1,1,0.092623922
0,1,0,0,1,1,1,0,0,1,1,1,1,1,0.146506513
1,0,1,0,1,1,0,1,1,0,0,0,0,1,0.093300626
0,1,1,0,1,0,1,1,0,0,0,0,0,0,0.049568601
1,0,0,0,0,0,1,1,0,0,0,1,1,0,0.082727119
1,1,1,1,1,1,1,0,1,0,1,0,0,0,0.091270513
0,0,0,1,0,1,1,0,1,1,0,0,0,1,0.070292675
1,0,0,1,1,0,0,1,0,1,1,0,0,0,0.02740653
1,0,0,1,0,0,1,0,0,0,1,0,1,0,0.048384368
1,1,1,0,0,1,0,0,0,0,0,1,1,0,0.105058366
1,1,0,1,1,1,1,0,0,0,1,0,1,1,0.067585857
1,0,1,1,0,1,0,1,0,1,1,1,1,0,0.112163762
1,0,1,1,1,0,0,0,1,1,1,1,1,0,0.131026899
1,0,1,0,0,1,0,0,1,0,1,0,0,0,0.031043817
0,0,1,0,0,0,1,1,1,1,0,1,1,1,0.040771443
0,1,1,1,0,1,0,1,1,0,0,0,0,0,0.040771443
0,0,1,0,0,0,1,1,1,0,1,1,1,1,0.05439012
0,1,0,0,1,0,0,1,1,0,1,1,0,1,0.064202335
1,1,1,1,0,1,1,0,1,0,1,1,1,0,0.140669937
1,1,0,0,1,0,1,1,0,1,1,0,0,1,0.060565048
1,0,1,1,1,1,0,1,1,1,1,1,1,1,0.073253257
0,0,1,1,1,0,1,0,1,1,1,1,1,0,0.059972932
0,1,0,1,1,1,1,1,1,0,1,0,1,1,0.022669599
0,0,0,0,0,1,1,0,1,1,1,0,1,0,0.043309085
1,0,0,0,0,0,1,1,0,1,1,0,1,0,0.081458298
0,0,0,1,0,0,0,0,0,1,0,0,1,1,0.028590763
1,1,0,1,0,0,1,1,1,0,0,1,1,1,0.068177973
1,0,0,0,1,1,1,1,0,0,0,1,0,1,0.070969379
1,0,1,0,1,0,1,1,0,1,0,1,0,0,0.078413128
1,0,1,0,1,1,0,1,0,1,1,1,0,1,0.11706987
1,0,1,1,0,0,0,0,1,1,1,1,1,0,0.210708848
0,0,1,0,1,1,1,0,0,0,0,0,1,0,0.026222297
0,1,0,1,1,1,1,1,1,1,1,0,1,0,0.065132803
0,1,0,1,0,0,0,0,0,0,1,0,1,0,0.091862629
1,0,0,1,0,0,1,1,0,1,1,1,0,1,0.085010996
0,1,0,0,0,0,0,0,1,1,0,0,0,1,0.045423786
0,0,1,0,0,1,1,0,1,1,1,1,0,0,0.068939266
1,0,1,1,0,1,1,1,1,0,0,0,1,1,0.062256809
0,1,0,0,1,1,1,1,0,0,0,1,1,0,0.096768736
1,1,0,0,0,0,0,1,1,1,0,1,0,0,0.059803756
0,0,1,1,0,1,1,1,0,0,0,1,1,0,0.027152766
1,0,1,0,0,0,1,1,1,0,1,0,0,1,0.056081881
0,1,1,0,0,1,0,0,0,1,1,0,0,1,0.032566402
1,1,0,0,0,0,0,0,0,0,0,1,1,1,0.13534089
1,0,0,1,0,1,0,0,1,0,1,1,0,0,0.054643884
1,1,1,0,1,0,1,1,0,1,0,0,0,1,0.120707156
1,1,0,0,1,1,0,1,0,0,0,1,1,1,0.056843174
1,0,1,1,0,1,1,1,1,1,0,1,0,1,0.063863982
0,0,0,0,1,0,1,1,1,0,1,0,0,1,0.054220944
0,1,1,1,0,1,0,1,0,1,1,1,0,1,0.046185079
0,0,1,0,1,1,0,0,0,0,0,1,1,1,0.076213839
0,1,0,1,0,1,0,0,1,0,1,1,1,1,0.101251903
0,1,1,0,0,0,1,1,0,0,0,0,0,1,0.045170022
0,1,1,1,1,0,1,0,0,0,0,0,0,1,0.08095077
1,1,1,1,0,1,0,0,1,0,0,1,0,1,0.105988834
1,0,1,0,0,1,0,1,1,0,1,1,0,0,0.117323634
1,0,1,0,0,0,0,1,1,0,1,0,1,0,0.062172221
0,1,1,0,0,1,0,0,1,0,1,0,1,1,0.034173575
0,0,0,0,0,0,1,0,1,0,1,1,1,0,0.085687701
0,0,1,0,1,1,1,0,1,0,0,1,0,0,0.049906953
0,0,1,1,1,0,0,0,1,0,0,1,0,0,0.100152259
1,0,1,1,1,0,0,1,0,0,1,1,1,0,0.121214684
0,0,1,0,1,1,0,1,0,1,0,0,1,1,0.024445948
1,1,0,0,1,0,0,1,1,1,1,0,1,1,0.036626628
1,1,0,0,1,1,0,1,0,0,0,1,0,1,0.120199628
1,0,1,1,0,0,0,0,0,1,0,0,1,0,0.044577906
1,1,0,0,0,1,0,0,1,1,0,0,1,0,0.054728472
0,1,0,1,1,0,0,0,0,0,0,1,1,0,0.040263915
1,0,0,1,0,1,0,0,0,0,1,0,0,1,0.154119438
1,1,1,0,0,1,0,1,1,0,0,0,1,0,0.046354255
1,0,0,1,0,1,1,0,1,1,1,1,1,1,0.089494163
1,1,0,1,1,0,1,1,1,1,1,1,1,0,0.060649636
1,0,0,1,1,1,1,1,0,1,1,0,0,1,0.182625613
0,0,1,0,1,1,0,0,0,1,0,0,1,0,0.06048046
1,1,1,1,0,0,0,1,0,0,0,0,0,0,0.109287769
1,1,1,1,0,0,1,1,0,0,0,0,0,1,0.121383861
0,1,1,0,0,0,1,1,1,1,0,1,0,1,0.12925055
0,0,0,1,1,0,1,0,0,0,0,1,1,0,0.169091524
0,1,0,1,1,0,1,0,1,0,0,0,1,0,0.082135003
0,0,0,0,1,0,0,1,1,0,1,1,0,1,0.033666046
1,1,0,0,0,1,1,1,1,1,1,0,0,0,0.039756386
0,1,0,1,1,1,0,1,0,1,0,0,0,1,0.048638132
1,0,0,1,0,0,0,1,0,0,1,1,0,0,0.068600914
0,0,0,1,1,0,1,1,1,0,1,1,0,1,0.060987988
1,1,0,1,0,0,1,0,0,1,1,0,1,0,0.036626628
0,0,0,1,0,1,0,1,1,0,1,1,0,1,0.08966334
1,1,1,0,0,1,1,1,1,1,0,1,1,0,0.083065471
0,1,0,0,0,1,1,1,0,1,1,0,1,0,0.082557943
1,1,0,0,0,0,1,1,1,1,1,1,0,1,0.063779394
1,0,0,1,1,1,1,1,1,0,0,0,1,1,0.021992895
1,1,0,0,1,0,0,0,0,1,0,0,1,1,0.135933006
1,0,0,1,1,1,1,1,1,1,1,1,0,1,0.122821858
1,1,0,0,0,1,0,0,1,1,1,0,1,1,0.065471155
1,0,1,1,1,0,1,0,0,0,0,1,1,1,0.097191677
1,1,1,1,1,1,0,0,0,1,1,0,0,0,0.062341397
0,1,1,1,1,1,0,0,0,1,0,1,1,1,0.108526476
0,0,1,1,1,1,1,1,1,0,0,0,1,0,0.056843174
1,0,1,1,1,1,0,1,0,1,1,0,1,0,0.113263407
0,1,0,1,1,0,0,1,1,0,0,1,0,0,0.094823211
1,1,0,0,0,1,1,1,1,0,0,0,0,1,0.067501269
0,0,0,1,1,1,0,1,0,1,0,1,0,1,0.083742176
0,1,1,1,0,0,1,1,1,1,1,0,0,1,0.153442734
1,1,1,1,1,1,1,1,1,1,1,1,0,1,0.091693453
1,1,0,1,1,1,0,0,1,1,1,0,0,0,0.052106243
0,1,0,1,0,0,1,1,0,1,0,0,0,1,0.058957875
0,0,1,0,0,0,1,0,0,0,0,1,0,1,0.108695652
0,1,0,0,1,0,0,1,0,1,0,1,1,0,0.049230249
0,0,1,0,1,1,1,1,0,0,0,0,1,1,0.116477753
0,0,0,0,0,0,0,0,1,1,0,0,0,0,0.110725766
0,0,0,0,0,0,1,1,1,1,0,0,1,0,0.079428185
1,1,1,1,1,0,1,0,1,0,1,0,0,0,0.0417865
0,0,1,0,1,1,0,1,0,0,0,0,1,1,0.02698359
0,0,1,0,0,1,0,0,1,0,0,1,1,0,0.038572154
1,0,0,0,1,0,0,1,1,0,1,1,1,0,0.042886144
1,0,0,1,1,0,0,0,0,0,1,0,0,1,0.199627813
0,0,0,1,0,1,1,0,0,1,0,0,0,0,0.081542886
0,1,1,1,0,0,0,0,0,1,0,1,0,0,0.060734224
0,1,1,1,1,0,1,1,1,0,1,0,1,0,0.017678904
1,0,1,0,0,1,1,0,0,0,0,0,0,0,0.050329893
1,0,0,0,1,0,0,1,1,1,0,1,1,0,0.066909152
0,1,1,0,0,0,1,0,0,0,1,1,0,1,0.035104043
1,0,1,0,1,1,1,0,0,1,1,0,0,0,0.083488411
1,0,0,1,0,0,1,0,0,1,1,1,0,1,0.075960074
1,0,0,0,0,0,1,1,1,0,1,0,1,0,0.094315683
1,1,0,0,0,0,0,1,0,0,1,1,1,0,0.13229572
0,1,1,1,0,0,1,1,0,1,1,1,1,0,0.10006767
1,1,0,1,1,0,0,1,0,0,1,1,0,0,0.048976485
1,1,0,1,0,0,1,0,0,1,1,1,1,1,0.156572492
0,1,0,0,0,1,0,1,0,1,1,1,1,0,0.101336491
0,1,1,1,1,0,0,1,0,1,1,0,1,1,0.028590763
0,0,0,0,0,0,1,0,1,0,1,0,1,1,0.121045508
0,1,1,1,1,0,0,0,1,0,0,0,0,0,0.041363559
0,1,1,1,1,1,1,1,0,0,1,0,1,1,0.00913551
0,1,0,0,1,0,0,1,0,1,0,0,1,1,0.034258163
1,0,1,0,0,0,0,1,0,0,1,1,0,0,0.061072577
1,1,0,0,1,0,0,1,0,0,0,0,1,0,0.043901201
0,1,0,0,1,1,1,0,1,0,1,1,1,1,0.122991034
1,1,1,0,0,1,0,1,1,0,1,0,0,1,0.132634072
1,0,0,0,0,0,1,0,1,1,1,0,1,1,0.05049907
1,0,0,1,1,0,1,1,1,1,1,1,1,1,0.112840467
1,1,0,1,1,1,0,0,1,1,0,1,0,0,0.076298427
0,1,1,1,0,0,1,1,1,1,1,0,0,0,0.091185925
0,0,0,1,0,1,0,1,0,0,1,0,0,0,0.091355101
1,0,1,0,0,1,1,0,0,1,1,1,1,0,0.06699374
0,1,1,0,0,0,0,1,1,1,0,0,1,0,0.054982237
1,0,0,1,0,1,1,0,0,1,1,1,1,1,0.073929961
1,0,1,0,1,0,0,0,1,1,1,0,1,0,0.152681441
1,0,1,1,1,1,1,0,0,1,1,1,1,0,0.1140247
0,1,1,0,1,1,1,1,0,1,0,1,0,0,0.109034004
0,0,1,0,0,0,0,0,1,0,1,1,0,1,0.04872272
0,1,1,1,0,0,0,0,0,0,0,1,0,1,0.078497716
0,0,1,1,0,0,1,0,0,1,0,0,1,0,0.184909491
0,1,1,0,0,1,1,0,0,1,0,1,0,0,0.093892742
0,1,0,1,0,0,0,1,0,0,1,1,0,0,0.107003891
0,0,1,1,0,1,0,1,0,1,0,1,1,1,0.034511927
1,1,0,0,0,0,1,1,0,1,1,1,1,0,0.119522923
0,1,1,1,1,0,1,1,1,1,0,0,0,0,0.066739976
0,1,0,0,0,0,1,0,0,1,1,0,0,0,0.042886144
1,0,1,0,0,1,0,1,0,0,1,1,1,0,0.172390458
0,0,1,1,0,1,1,1,0,1,0,0,0,1,0.006174928
0,0,1,1,0,1,1,0,0,0,0,1,0,0,0.049737777
1,1,0,1,1,1,1,0,1,1,0,0,0,0,0.113517171
1,1,0,0,0,0,0,1,0,1,0,1,1,0,0.129335138
0,0,1,0,0,0,1,0,1,0,0,1,1,0,0.071984436
0,0,0,0,1,0,0,1,0,1,1,1,1,1,0.092285569
0,1,0,1,1,1,0,1,0,0,0,1,1,1,0.046777195
1,0,0,0,1,0,0,0,0,1,0,1,1,1,0.075198782
1,0,1,1,0,0,0,1,1,0,1,0,1,0,0.0474539
0,0,1,0,1,1,1,1,0,0,0,0,0,1,0.016917611
1,0,0,0,0,1,0,0,1,0,0,1,1,0,0.050668246
1,0,0,0,1,1,1,1,0,1,0,0,0,1,0.05481306
0,1,1,1,0,0,0,0,0,0,0,0,1,1,0.07832854
1,1,0,1,0,1,0,1,1,1,0,0,0,0,0.047200135
0,1,1,1,0,0,0,1,1,1,0,0,0,0,0.042970733
0,1,1,1,1,1,0,0,1,1,1,1,1,1,0.056251057
1,0,0,0,0,0,0,0,0,0,1,0,1,0,0.008035865
0,1,0,1,0,0,0,1,1,1,0,1,0,0,0.08095077
0,1,0,0,0,0,1,1,1,1,1,0,0,1,0.080358653
0,0,0,0,0,1,0,0,1,0,0,0,0,1,0.08179665
1,1,0,1,1,1,0,1,0,0,1,1,1,1,0.060987988
0,0,1,0,0,1,1,1,0,1,0,1,1,1,0.042970733
0,0,0,1,1,1,0,0,1,0,1,1,1,0,0.081289122
0,1,0,0,1,1,0,0,1,0,0,0,0,0,0.037472509
1,0,0,0,0,1,1,1,0,0,0,1,0,0,0.079597361
1,1,0,1,0,0,0,1,1,0,0,1,1,1,0.126543732
1,1,0,0,0,1,1,1,0,0,0,0,1,0,0.043478261
1,0,0,1,1,0,0,1,1,1,1,1,1,1,0.084757232
0,1,1,0,1,0,1,1,1,0,0,1,1,1,0.085687701
0,1,0,1,1,0,1,1,0,0,0,0,1,0,0.021908307
1,0,0,0,1,1,1,1,1,1,1,0,0,0,0.113009643
1,0,1,1,0,1,0,1,0,0,1,1,0,1,0.041871088
1,0,1,0,1,0,0,1,1,0,1,0,0,1,0.176112333
1,1,1,1,1,1,1,1,1,1,1,0,1,1,0.036288276
1,1,1,0,1,1,0,0,1,1,0,1,1,1,0.059465403
0,1,0,1,1,0,0,0,1,0,1,0,0,1,0.056843174
1,0,1,0,1,1,0,1,1,1,1,0,1,1,0.01827102
0,0,0,1,1,0,1,1,0,1,1,1,0,0,0.095838268
1,0,0,0,0,1,0,1,1,0,1,0,0,1,0.062510574
1,0,1,0,0,1,1,1,1,1,0,0,1,0,0.041532736
0,0,0,1,0,0,1,1,1,1,1,0,1,1,0.029267467
0,0,0,0,1,0,1,1,1,1,1,1,0,0,0.051852478
0,1,1,0,0,0,1,0,1,0,1,0,1,0,0.035611572
0,1,0,0,1,0,1,0,0,0,1,0,0,0,0.05134495
1,0,0,1,1,1,0,1,0,1,1,1,1,1,0.171375402
1,1,0,0,1,0,0,0,1,1,1,1,1,0,0.092285569
1,1,0,1,0,0,0,0,0,1,0,1,1,1,0.051429538
0,0,1,1,1,1,1,0,1,1,0,1,1,0,0.04787684
0,1,1,0,0,0,1,0,1,0,0,0,1,0,0.093300626
0,1,0,1,1,0,1,1,0,1,1,1,0,0,0.066232448
0,1,1,0,0,1,0,0,1,1,1,1,1,1,0.047961428
1,0,1,1,0,1,1,0,1,1,0,1,0,0,0.060311284
0,1,0,1,0,0,1,1,1,0,1,0,0,1,0.04220944
1,0,1,1,0,0,1,0,1,0,1,1,1,1,0.057266114
0,0,1,1,0,1,1,0,1,0,1,0,0,1,0.033158518
0,0,0,1,1,1,0,1,0,1,0,1,0,1,0.071984436
1,1,1,0,0,0,0,1,1,1,1,1,0,1,0.099475554
0,1,0,0,0,1,0,0,1,1,0,0,1,0,0.085856877
1,0,0,1,1,1,1,0,1,0,0,0,1,1,0.004567755
1,1,0,1,1,1,1,1,0,1,1,1,1,1,0.069023854
1,0,1,0,0,1,0,0,1,1,1,0,0,1,0.042294028
0,1,0,1,1,0,1,1,1,1,1,1,0,0,0.089747928
1,0,0,1,0,1,0,0,0,1,1,0,0,1,0.09008628
0,1,0,1,0,1,1,1,0,0,1,1,1,0,0.061749281
1,0,1,1,0,0,0,1,1,0,1,1,1,1,0.109287769
1,0,1,1,0,0,0,0,1,0,1,1,1,1,0.09575368
0,1,1,1,1,0,1,1,0,1,0,1,0,1,0.079005244
1,1,1,1,1,1,1,0,0,0,0,0,0,1,0.163847065
1,0,0,0,1,0,0,0,1,1,1,0,0,1,0.031043817
0,0,0,0,1,0,1,0,1,1,1,0,0,0,0.029944172
0,1,1,1,0,1,1,1,0,1,1,0,1,0,0.127305025
0,1,1,0,0,0,1,0,1,0,1,1,1,0,0.083911352
0,0,0,0,0,1,0,0,0,0,0,1,0,1,0.100575199
1,1,0,0,0,1,1,1,0,0,1,1,1,0,0.036880392
1,0,0,0,0,0,1,0,0,0,0,1,0,0,0.109964473
1,1,0,1,1,1,0,1,0,1,0,1,1,0,0.119861276
0,1,0,1,1,1,1,0,1,1,1,0,1,1,0.094569447
0,1,0,1,1,0,0,0,0,0,0,0,0,1,0.027237354
1,1,0,1,0,0,0,1,1,1,0,0,1,0,0.21933683
0,1,0,1,1,0,0,0,0,0,1,1,1,0,0.072914904
0,1,1,1,0,1,1,1,1,1,0,0,1,1,0.033243106
0,0,1,1,1,0,1,1,0,1,1,0,1,1,0.038487566
1,1,0,0,0,0,1,0,1,1,0,1,0,1,0.045170022
0,0,0,0,1,0,1,1,0,0,1,1,1,0,0.045170022
1,1,0,1,0,0,0,0,0,0,1,0,0,0,0.061326341
0,1,1,0,0,0,1,1,0,1,0,0,1,0,0.06919303
1,0,1,1,1,1,0,0,1,0,1,0,0,1,0.080358653
1,1,1,1,0,0,1,0,1,1,1,1,0,0,0.072999492
1,0,1,0,0,0,1,1,0,0,0,0,0,0,0.076552191
1,1,1,0,1,1,0,0,1,0,0,0,0,0,0.138978176
1,1,0,0,1,1,0,0,1,0,0,1,0,0,0.104297073
0,0,0,1,1,0,1,0,0,1,0,0,0,0,0.03569616
0,0,0,0,1,1,0,0,1,0,1,1,0,0,0.060734224
0,0,1,1,0,0,1,1,1,1,1,0,0,1,0.100828963
1,0,1,0,0,0,0,1,0,1,0,0,0,0,0.154796143
0,0,1,0,1,1,0,0,1,0,0,1,1,0,0.092370157
0,0,0,1,1,1,0,1,0,1,0,1,1,1,0.0474539
1,1,1,1,1,0,1,0,0,1,1,0,1,0,0.032397226
0,1,1,1,0,1,1,1,0,0,1,1,1,1,0.048046016
0,0,1,1,0,1,0,0,1,0,0,0,1,0,0.023853832
0,1,1,1,1,0,0,1,0,0,1,1,0,1,0.043139909
0,0,1,1,0,0,1,1,0,0,1,0,0,1,0
1,1,1,0,1,1,1,0,1,0,0,0,1,0,0.033835222
1,1,0,0,1,0,1,0,0,1,0,0,0,0,0.1501438
0,0,1,1,1,1,0,1,0,1,0,1,1,1,0.07832854
0,0,1,1,1,0,1,0,0,1,1,0,1,1,0.010235155
0,1,0,0,1,0,0,0,1,1,0,0,1,0,0.094231095
0,0,1,0,0,0,1,1,0,0,1,1,0,0,0.056166469
1,1,0,0,0,0,0,1,1,1,1,0,0,0,0.046438843
0,1,0,0,1,0,0,0,0,1,1,0,1,0,0.064709863
0,0,1,1,0,0,0,1,0,0,0,0,0,0,0.068177973
1,0,1,0,1,0,0,0,1,0,0,1,0,0,0.071307731
1,0,1,1,1,0,0,1,0,0,0,1,1,0,0.05092201
0,1,1,0,0,0,1,1,0,1,0,0,0,1,0.023007951
1,0,1,1,0,0,0,0,0,0,1,0,1,0,0.028759939
1,0,0,0,0,0,1,0,0,1,1,0,1,1,0.039248858
1,1,1,1,0,1,0,1,0,0,0,1,1,0,0.069785146
0,1,1,0,0,0,0,0,1,1,1,1,0,0,0.052782947
1,1,1,1,0,0,0,1,1,1,0,0,0,0,0.077990188
0,0,0,1,1,0,0,0,0,1,1,0,1,0,0.038402977
1,1,0,0,1,0,0,0,1,1,0,0,1,0,0.327271189
0,1,1,0,0,0,1,0,1,1,0,0,1,1,0.017340552
1,1,1,0,0,1,0,0,1,1,0,1,1,0,0.077567248
0,1,0,1,0,1,1,1,1,1,1,0,1,1,0.042378616
0,1,1,0,0,1,0,0,1,0,1,1,0,0,0.078159364
1,0,0,0,1,1,0,0,1,1,0,1,1,1,0.111148706
0,0,1,0,0,1,1,1,1,0,1,1,1,0,0.047623076
0,1,0,1,1,0,1,1,1,0,1,0,0,1,0.040010151
1,0,1,0,0,0,0,0,1,0,0,0,1,1,0.023769244
0,1,1,0,0,0,1,0,0,0,0,0,1,1,0.025461005
0,1,1,0,0,1,0,0,0,1,1,1,1,1,0.088225343
0,1,0,1,0,0,0,0,0,0,0,0,1,1,0.077144307
0,0,1,0,1,0,0,1,1,0,1,0,0,0,0.015395026
1,1,0,0,0,1,1,0,1,0,0,1,0,1,0.150312976
1,0,0,0,0,0,1,0,1,1,0,0,1,1,0.10184402
0,1,1,1,0,1,0,0,1,0,1,0,1,0,0.068008797
0,0,0,1,0,0,0,1,1,0,0,0,1,0,0.071307731
1,0,1,0,1,0,0,0,0,1,0,1,1,0,0.153950262
1,0,0,1,1,0,1,0,1,1,1,0,0,1,0.098037557
1,1,1,0,1,0,1,0,1,1,0,0,1,1,0.054728472
0,1,1,1,0,0,1,1,1,0,1,1,1,0,0.116816106
1,1,0,1,1,0,1,1,1,0,0,1,1,0,0.135087126
1,0,1,0,0,1,0,1,0,1,1,0,1,0,0.016494671
0,1,0,0,1,0,0,0,1,0,1,0,1,1,0.062087633
1,0,0,1,1,0,1,0,0,0,1,0,0,0,0.069277618
1,0,1,0,1,1,1,0,0,1,0,0,0,1,0.078836068
1,1,1,1,0,0,0,1,1,1,1,1,0,1,0.041532736
1,1,1,0,0,0,0,1,0,1,0,1,0,0,0.112163762
1,0,0,1,1,1,0,0,0,0,0,0,0,1,0.049737777
0,1,1,1,0,0,0,1,1,0,1,1,0,1,0.159363898
0,1,0,1,1,0,0,0,0,0,0,1,0,1,0.094315683
0,0,0,0,0,1,1,0,1,1,1,0,0,0,0.032312637
0,1,1,0,0,0,0,1,0,1,1,0,1,0,0.05658941
0,1,1,0,1,1,0,0,0,1,0,1,1,1,0.047115547
1,1,1,1,0,1,1,1,0,1,0,0,1,0,0.03002876
0,1,0,0,1,0,1,0,1,1,0,1,0,0,0.037049569
1,1,0,1,0,1,1,0,0,1,1,1,1,0,0.048553544
1,1,1,0,1,0,1,1,1,0,1,0,0,1,0.087971578
1,0,0,0,0,1,1,0,1,1,1,1,1,0,0.113686347
0,0,1,1,0,1,1,1,1,1,1,0,0,0,0.092877686
0,1,0,1,1,0,1,1,1,0,0,0,1,1,0.064286923
1,0,1,1,0,0,1,0,1,0,0,1,1,1,0.035104043
0,1,0,0,1,0,1,0,1,0,0,0,1,1,0.063187278
1,1,1,1,1,0,1,0,1,1,0,0,0,0,0.086787346
0,1,0,1,0,0,1,0,0,1,1,1,0,0,0.059719168
1,1,1,1,1,1,1,1,1,1,0,0,0,0,0.040771443
0,1,0,1,1,0,1,0,1,0,1,1,0,0,0.10184402
1,0,0,1,1,0,0,0,0,1,1,0,0,1,0.023007951
1,1,0,1,0,1,1,0,0,1,1,1,0,0,0.054643884
0,0,1,1,1,1,0,0,1,0,0,0,0,1,0.057181526
0,0,1,0,0,0,0,0,1,1,1,1,0,0,0.057773642
0,0,1,0,0,1,0,0,0,0,1,0,1,0,0.018947725
1,0,1,0,0,1,1,0,0,1,1,0,0,0,0.072914904
1,0,0,1,0,0,1,0,1,0,1,1,0,1,0.077651836
0,0,1,1,1,0,1,0,0,1,1,0,1,0,0.13271866
1,1,1,1,0,1,1,0,0,0,1,0,1,1,0.031551345
1,1,0,1,1,1,0,1,0,0,1,1,1,1,0.205295212
0,1,0,1,1,0,1,0,1,0,0,0,0,0,0.052613771
1,0,0,0,1,0,1,1,1,0,0,1,1,1,0.078497716
0,0,1,0,1,1,1,0,0,0,0,1,1,0,0.071561496
1,0,1,0,0,1,1,0,0,0,1,0,1,0,0.082980883
0,0,0,0,1,1,0,1,1,1,1,1,0,1,0.040179327
0,0,0,1,0,1,1,0,0,1,0,0,1,1,0.074691254
1,1,0,1,0,0,0,0,1,1,1,1,0,0,0.067247505
0,1,1,1,0,1,0,1,1,0,1,1,1,1,0.038402977
0,1,1,1,0,1,1,1,0,0,0,1,1,1,0.049484013
1,0,0,0,0,0,1,0,0,1,0,1,1,0,0.085433937
1,1,1,0,1,1,1,1,0,0,0,0,1,1,0.035526984
1,1,1,1,0,0,0,1,1,0,1,0,0,0,0.116816106
0,0,0,1,0,0,1,1,1,1,0,1,0,0,0.103282017
0,0,1,1,0,1,0,0,0,1,1,0,1,0,0.0247843
0,0,0,1,1,0,0,1,0,1,0,1,1,1,0.087210286
1,1,0,1,1,1,0,1,0,0,1,0,0,1,0.068939266
1,0,1,1,1,1,1,1,0,1,0,0,0,1,0.046946371
0,0,1,0,1,0,1,0,1,0,0,0,1,0,0.058534935
0,1,0,0,0,1,0,0,0,0,0,1,1,0,0.099898494
0,0,1,0,1,0,0,0,0,1,1,0,0,0,0.040517679
1,1,0,1,0,1,1,0,1,0,0,0,1,1,0.081881238
1,0,0,1,0,0,0,1,1,0,1,0,1,1,0.065555744
1,1,0,1,1,0,1,0,0,1,1,0,0,1,0.044916258
0,0,0,0,1,0,0,0,1,1,1,0,1,1,0.081542886
0,1,1,0,0,0,0,1,0,1,0,1,1,1,0.087379462
1,0,1,0,0,1,0,0,1,0,1,0,0,0,0.054220944
0,1,0,1,1,1,0,0,1,0,1,0,0,0,0.054897648
0,1,1,0,0,0,1,0,0,1,1,0,1,1,0.046269667
1,0,0,1,1,0,1,1,0,1,0,1,1,1,0.117323634
1,0,1,1,0,1,0,1,1,0,1,1,1,1,0.1140247
0,0,1,1,1,0,1,1,1,1,1,0,1,1,0.04263238
1,0,1,1,1,0,1,1,1,0,0,0,0,0,0.031635933
1,0,1,1,1,1,0,0,0,0,1,0,1,0,0.134579597
0,0,1,0,0,0,1,1,0,1,0,1,1,0,0.038487566
1,1,1,0,1,1,1,1,0,0,0,1,1,1,0.149467095
0,1,0,1,0,1,1,0,1,0,1,0,1,1,0.071561496
0,1,1,1,0,0,0,0,1,1,1,0,0,0,0.099306378
0,1,0,1,0,1,0,1,0,0,0,0,1,1,0.07528337
1,1,0,0,1,0,0,1,0,0,0,1,1,0,0.121130096
0,1,0,1,1,0,0,0,1,0,1,0,0,1,0.03349687
0,1,1,0,0,1,1,0,0,1,0,0,0,0,0.081119946
0,0,1,1,1,1,1,0,0,1,0,1,1,1,0.106411775
1,0,1,1,1,1,0,1,0,1,0,0,0,1,0.055236001
1,1,1,0,1,0,1,0,1,1,0,0,0,0,1
1,0,0,0,1,1,0,1,1,0,1,1,1,1,0.058450347
0,1,1,0,1,1,1,1,1,1,1,0,1,1,0.104043309
0,0,1,0,1,1,1,1,1,0,1,1,0,1,0.036880392
0,0,1,1,1,0,0,1,1,1,0,1,1,1,0.021485366
0,0,0,0,1,0,1,1,0,1,0,0,0,0,0.04872272
1,1,1,1,1,1,1,1,0,0,0,0,1,1,0.08966334
0,0,1,1,0,0,0,1,1,0,0,0,1,1,0.024530536
0,0,1,0,1,1,1,0,1,1,1,1,0,0,0.059803756
0,1,0,1,1,0,0,0,1,1,0,0,1,1,0.030113348
0,0,1,1,1,0,1,0,0,1,1,1,1,0,0.109964473
0,0,0,1,0,0,0,0,1,0,1,1,0,1,0.114785992
0,0,0,0,0,1,1,0,1,1,1,0,0,1,0.052190831
1,0,1,1,1,1,0,1,1,1,0,1,1,0,0.089071223
1,0,0,0,1,0,1,1,0,0,1,0,1,0,0.060734224
1,0,0,0,1,0,1,0,1,0,1,0,1,0,0.026476062
0,0,0,1,0,1,1,1,0,0,1,1,1,0,0.10615801
1,1,0,1,1,1,0,1,1,0,0,1,0,1,0.083657588
0,1,0,0,0,1,1,1,0,1,0,0,1,0,0.042378616
1,1,1,0,0,1,1,1,1,1,0,1,1,1,0.062848926
1,1,0,1,1,0,1,1,0,1,0,0,0,1,0.048638132
0,1,1,0,0,1,0,1,0,0,1,1,0,1,0.062256809
1,1,1,0,0,1,0,1,0,1,1,1,0,0,0.069446794
1,1,0,1,1,1,1,0,0,0,1,0,1,0,0.066063272
1,0,0,0,0,0,1,0,0,1,0,1,1,1,0.272881069
1,1,0,1,1,0,1,1,0,1,0,1,0,1,0.118423279
0,1,1,0,0,1,0,0,1,1,0,0,1,1,0.062003045
1,1,1,1,1,1,1,0,1,1,1,0,0,0,0.052444595
1,1,1,0,1,1,1,0,1,1,0,0,1,1,0.098206733
0,0,1,0,1,1,1,1,1,0,0,1,1,1,0.05481306
1,0,0,1,1,1,1,1,1,1,0,1,0,1,0.072069024
1,0,1,1,1,0,0,0,1,1,0,0,1,1,0.043985789
1,0,0,1,1,1,1,0,1,1,1,1,1,0,0.132041956
0,0,1,1,1,0,1,1,1,1,0,1,0,0,0.044577906
1,0,0,0,0,0,1,0,1,1,0,0,0,1,0.078074776
0,1,0,0,1,0,1,0,1,0,0,0,1,0,0.203772627
1,0,0,1,1,1,0,1,0,0,0,1,1,1,0.04787684
0,0,1,0,0,1,1,1,1,0,0,0,0,1,0.046608019
1,1,0,1,1,0,1,1,0,0,1,0,0,0,0.060987988
0,1,0,0,1,1,1,1,1,0,1,1,0,1,0.055151413
1,0,1,0,1,0,1,1,1,1,1,0,0,1,0.050668246
1,0,0,0,1,0,1,1,1,0,1,0,0,1,0.05396718
0,0,1,1,1,0,1,0,1,1,1,1,0,1,0.046185079
1,1,1,1,0,0,0,0,0,0,0,0,1,0,0.035273219
0,1,1,1,1,0,0,1,0,0,0,0,1,1,0.043055321
1,1,0,1,1,0,1,0,1,0,1,1,0,1,0.109287769
1,0,1,0,1,1,1,0,1,0,1,1,0,1,0.099052614
0,0,0,1,0,1,0,0,1,0,0,1,0,0,0.075790898
0,0,0,1,0,0,1,0,1,0,0,0,0,1,0.099560142
0,1,1,1,1,0,0,0,1,0,1,1,0,0,0.090340044
0,1,0,1,0,0,0,0,1,1,1,1,1,0,0.033750634
0,0,0,1,1,1,0,1,1,1,1,1,1,1,0.057942818
1,1,1,0,0,0,1,1,0,1,1,1,0,0,0.069446794
0,1,0,0,0,1,1,1,0,0,1,0,1,0,0.007866689
1,1,0,1,0,0,0,0,0,0,0,0,1,0,0.03874133
0,0,1,1,0,0,1,0,1,1,1,1,1,1,0.050160717
1,1,1,1,1,0,1,0,1,0,1,1,1,1,0.17188293
1,0,1,1,1,0,0,0,0,1,1,1,0,1,0.065555744
0,0,0,1,0,0,1,0,1,1,0,0,0,1,0.031382169
1,0,0,1,0,1,0,0,1,0,1,1,1,1,0.163931653
1,1,0,0,1,0,1,0,0,0,0,0,1,1,0.045423786
0,1,1,0,0,1,0,0,0,1,1,1,0,1,0.054474708
1,1,1,0,0,0,0,0,1,0,0,0,0,1,0.073845373
0,0,1,0,1,1,0,0,0,0,1,0,0,1,0.091016748
1,1,1,1,0,1,1,0,0,1,1,0,1,1,0.129504314
0,1,0,0,1,1,0,0,0,1,1,1,0,0,0.068600914
0,0,0,1,0,0,0,0,0,1,1,0,0,1,0.091101336
0,0,1,1,1,1,1,0,0,0,1,1,1,1,0.104297073
0,0,1,1,0,1,0,1,1,1,1,1,0,1,0.080697006
0,0,1,0,1,0,1,0,1,1,0,1,0,0,0.076890543
1,1,1,0,0,1,0,1,0,1,0,0,1,0,0.034850279
0,1,1,0,0,0,0,1,0,1,1,1,1,1,0.050752834
0,0,0,1,1,1,0,0,0,1,1,1,1,0,0.057350702
0,1,0,0,0,1,1,0,1,1,1,1,1,0,0.082135003
1,1,0,1,0,0,1,1,1,0,1,0,1,0,0.080612418
1,0,1,0,1,0,1,0,0,1,1,1,1,1,0.095838268
1,1,0,0,0,1,0,1,0,1,1,0,1,0,0.049061073
1,1,0,1,1,1,0,0,1,1,1,1,1,0,0.067924209
0,1,1,1,0,0,0,1,1,1,1,1,0,0,0.053290475
0,1,1,1,0,1,0,0,0,0,0,0,0,0,0.128912198
1,0,1,0,0,0,1,0,0,0,1,0,1,0,0.012688208
1,0,0,0,1,0,1,1,0,1,0,0,0,1,0.032143461
0,0,1,0,0,1,0,0,0,0,0,0,1,1,0.111233294
0,1,0,0,1,0,0,0,0,1,0,0,1,1,0.079597361
0,0,1,0,1,0,1,1,0,0,1,1,0,0,0.055320589
1,1,0,1,0,0,0,1,0,1,1,1,0,1,0.077313483
0,0,1,0,0,1,0,0,1,0,0,1,0,1,0.097107088
0,0,0,1,0,1,1,0,0,0,1,1,0,0,0.049399425
0,0,1,1,1,0,0,0,1,0,0,0,0,1,0.016156319
0,1,0,1,1,0,0,0,1,0,1,0,0,0,0.057350702
1,0,0,0,0,0,1,0,1,0,1,1,1,1,0.082388767
0,0,0,1,0,0,0,0,0,0,1,0,0,0,0.144645576
1,1,1,1,0,0,0,0,1,1,1,1,1,0,0.06048046
0,0,0,0,0,0,1,1,0,0,0,0,1,1,0.018440196
0,1,0,0,0,1,1,0,1,0,1,1,0,0,0.09922179
0,0,0,0,1,1,0,1,1,1,0,0,0,0,0.069700558
0,0,1,0,0,0,1,1,1,0,0,0,0,1,0.065640332
0,0,1,0,1,0,1,0,0,0,1,1,1,1,0.105142954
0,0,1,1,0,1,1,1,1,0,0,0,1,0,0.061157165
0,0,1,0,1,1,0,1,0,1,0,0,1,1,0.068516325
1,1,0,1,0,0,0,0,0,0,0,1,1,0,0.129588902
0,1,1,0,0,0,1,0,1,1,0,0,0,0,0.081119946
1,1,0,1,1,1,0,0,0,1,0,0,0,1,0.062595162
1,0,1,0,1,1,0,0,1,1,1,0,1,1,0.065301979
1,0,0,0,1,1,1,0,0,1,1,0,1,1,0.071138555
1,1,1,0,1,0,1,0,1,1,1,0,0,0,0.107596007
1,1,0,1,0,0,1,0,0,0,1,0,1,1,0.129081374
1,1,1,0,0,1,1,0,1,0,0,0,0,0,0.143038403
1,1,0,0,0,0,0,1,1,0,0,1,1,0,0.108695652
0,0,1,1,0,0,1,1,0,0,0,1,1,1,0.045085434
0,1,0,1,0,1,0,1,1,1,1,1,0,1,0.061410929
0,1,1,0,1,1,0,1,0,1,0,0,1,1,0.055574353
1,1,1,0,0,1,0,0,0,1,0,1,1,0,0.08095077
1,0,1,0,0,1,0,0,1,0,1,1,1,1,0.056251057
1,1,0,1,0,1,0,0,0,1,0,0,1,0,0.091778041
0,0,1,1,0,1,1,0,0,1,0,1,1,0,0.108864828
0,1,0,0,1,0,1,1,0,1,0,1,1,1,0.067332093
0,1,0,1,0,0,0,1,0,1,1,1,0,1,0.087379462
1,0,1,1,1,0,0,0,1,1,1,0,1,1,0.076044662
0,1,0,0,0,0,1,0,0,1,1,1,0,1,0.089155811
0,0,0,1,0,1,1,0,1,1,1,1,1,1,0.044747082
1,0,0,0,0,1,0,0,1,0,0,1,1,0,0.075790898
0,0,0,0,0,1,0,0,1,1,1,0,0,1,0.125359499
1,0,1,1,0,0,1,1,0,1,1,1,1,1,0.048215192
0,0,0,0,1,0,1,1,0,0,1,1,0,0,0.123413974
0,1,1,1,1,0,1,1,0,1,1,0,1,0,0.018524784
0,1,1,0,1,0,1,0,1,0,0,1,1,1,0.049145661
1,1,0,1,0,1,0,0,1,0,1,0,1,1,0.067078329
0,0,1,1,1,0,1,1,0,0,0,1,1,1,0.034850279
1,1,1,0,0,0,0,1,1,0,0,0,1,0,0.051091186
0,0,0,1,0,1,1,1,1,0,0,1,0,1,0.034681103
1,1,0,0,0,0,1,0,1,1,1,0,0,1,0.093469802
0,1,1,0,1,0,0,1,1,0,0,0,0,1,0.020808662
1,1,0,1,0,1,1,0,0,1,1,1,0,1,0.121891389
1,1,1,0,1,0,1,0,1,0,0,1,0,0,0.08095077
0,1,1,0,1,0,0,1,1,1,0,0,0,0,0.052698359
1,1,0,0,0,0,1,1,0,1,0,0,1,1,0.031212993
0,1,1,0,1,0,1,1,1,1,0,0,0,1,0.021231602
0,0,1,0,1,1,0,1,0,0,0,1,1,0,0.050414481
0,1,0,1,1,1,1,0,1,1,1,1,0,1,0.112925055
0,0,1,1,0,0,0,0,1,1,0,0,0,0,0.028590763
1,1,0,0,0,1,0,0,1,0,1,1,0,1,0.071476907
0,1,0,1,0,1,1,0,1,1,0,0,1,0,0.052613771
0,0,1,1,0,0,0,1,1,0,1,1,1,0,0.072069024
0,0,1,1,0,1,0,1,1,0,1,1,0,1,0.053798004
0,1,0,0,0,1,0,0,1,0,1,0,0,1,0.088563695
1,0,1,0,0,1,0,1,1,1,0,1,1,1,0.098883438
0,1,1,1,1,0,0,0,1,0,0,0,0,0,0.043393673
1,1,0,1,0,1,0,1,0,1,1,0,1,1,0.072830316
1,1,1,1,1,1,0,1,1,0,0,1,1,0,0.07181526
0,1,0,1,0,0,0,1,0,0,1,0,0,0,0.026137709
0,1,0,0,1,0,1,1,1,0,1,1,1,1,0.052952123
1,1,0,1,0,1,0,0,0,0,0,0,0,1,0.072491964
0,1,1,0,1,0,1,0,1,0,0,1,1,0,0.083657588
0,0,0,0,0,1,1,1,0,0,0,0,0,1,0.076129251
0,1,1,0,0,1,1,1,0,0,0,0,1,1,0.013703265
1,0,0,1,1,1,0,1,1,0,1,1,1,1,0.056843174
0,1,0,0,1,1,1,0,0,1,0,0,1,1,0.068262561
1,0,0,1,1,0,0,0,0,1,0,1,0,1,0.064117747
0,1,0,0,0,0,0,1,1,0,1,0,0,1,0.065048215
1,1,1,0,0,1,1,0,0,0,1,0,0,1,0.03916427
0,1,0,1,0,1,1,0,0,0,1,0,1,0,0.035019455
1,1,1,0,0,1,0,1,1,1,1,1,0,0,0.050752834
1,1,0,1,0,1,0,0,1,1,1,0,0,1,0.045000846
0,0,0,0,1,0,0,1,0,1,1,1,0,1,0.097868381
1,1,0,1,0,1,0,0,0,0,0,1,0,0,0.102774488
1,1,1,0,0,1,1,1,0,1,0,0,0,0,0.127474201
1,1,1,1,0,0,0,0,1,0,0,0,1,0,0.031128405
1,0,1,1,0,1,0,1,1,1,0,1,0,0,0.154119438
1,0,0,1,1,1,1,1,0,0,1,1,0,1,0.09093216
0,0,1,1,0,1,0,1,0,1,1,1,1,0,0.048468956
1,1,1,0,0,1,0,0,0,1,0,0,1,0,0.055151413
0,0,1,1,0,0,0,0,0,1,0,0,0,0,0.068516325
1,1,0,0,0,1,0,0,0,0,1,0,0,1,0.046523431
0,1,0,1,0,1,0,1,0,0,0,0,0,0,0.028167823
0,1,1,1,1,1,0,0,1,0,0,1,0,0,0.153696498
1,0,1,1,1,0,1,0,1,0,1,0,0,1,0.082642531
0,0,1,1,0,1,1,1,1,0,0,1,0,1,0.117323634
1,1,1,1,0,0,0,0,0,1,1,1,0,0,0.115124344
1,1,1,1,1,1,1,0,0,0,0,0,0,0,0.089240399
0,0,1,0,0,0,0,0,0,0,1,0,1,0,0.035865336
0,1,1,0,1,1,1,0,0,0,1,0,1,1,0.070715615
0,0,1,1,1,0,0,0,0,0,0,1,1,0,0.072830316
1,0,1,1,0,1,1,1,1,0,0,0,1,1,0.128996786
1,1,0,0,1,0,0,1,1,1,0,0,0,0,0.041532736
0,1,0,1,0,0,0,1,1,0,0,1,0,1,0.097868381
1,0,0,0,1,0,1,0,1,0,0,1,0,1,0.063694806
1,1,0,0,0,1,0,0,1,0,1,0,0,1,0.038149213
1,0,0,1,0,0,0,1,0,1,1,0,1,0,0.034258163
0,0,1,1,1,0,0,0,0,0,1,1,0,0,0.040433091
0,0,0,1,0,1,1,0,1,0,1,0,0,0,0.022838775
1,1,0,1,1,0,0,0,0,1,0,1,0,1,0.076467603
0,0,0,0,0,1,1,1,1,0,0,0,0,0,0.074183725
0,1,1,0,0,1,0,1,0,0,0,0,1,1,0.029267467
0,0,0,0,0,1,0,1,1,1,0,1,1,0,0.069108442
1,1,0,0,1,1,0,0,0,1,0,0,1,1,0.08704111
1,1,0,0,0,1,0,0,1,0,0,1,1,1,0.129842666
0,1,1,0,1,0,0,0,0,1,0,1,0,1,0.077144307
1,0,0,0,0,1,1,0,1,0,0,1,0,0,0.138724412
0,0,1,0,1,1,0,0,1,0,1,1,0,1,0.103874133
0,1,1,1,0,1,0,0,1,0,1,1,0,0,0.103451193
0,1,1,1,0,1,1,0,0,1,0,0,1,0,0.045170022
1,1,1,0,1,1,1,1,0,0,0,0,1,1,0.047200135
0,1,0,0,0,1,0,0,0,0,0,0,1,1,0.114278464
0,0,1,0,0,0,1,1,1,1,1,0,0,1,0.094315683
1,1,0,1,1,1,1,0,0,1,1,0,0,0,0.038825918
0,1,0,1,0,1,1,1,0,0,0,1,0,0,0.086533581
1,0,1,1,0,0,1,1,1,0,1,1,0,0,0.066909152
1,0,0,1,0,0,0,0,0,0,1,0,0,1,0.050752834
1,1,0,1,0,0,1,1,1,0,0,1,0,0,0.129504314
1,0,1,1,0,0,0,1,1,0,0,1,0,0,0.078413128
0,1,0,1,1,1,0,1,0,1,1,0,0,1,0.056335645
1,1,0,1,1,1,0,1,1,0,0,0,1,0,0.065471155
1,1,1,1,1,1,0,0,1,0,0,1,1,0,0.0970225
1,0,1,0,1,0,1,0,1,0,0,1,0,0,0.138470648
0,0,0,1,1,0,0,1,0,0,0,1,1,1,0.087125698
0,0,1,0,0,0,0,1,0,0,0,1,0,0,0.077651836
1,0,1,1,0,1,0,0,0,1,0,0,0,0,0.090255456
0,0,0,0,1,1,1,1,0,0,0,0,0,0,0.075537134
1,0,0,1,0,0,0,0,0,1,1,1,0,0,0.078666892
1,1,1,0,1,0,1,1,0,1,1,0,1,0,0.053036711
0,1,0,0,0,1,0,1,0,1,1,1,0,0,0.153104382
1,0,1,1,0,1,1,1,0,1,1,1,0,1,0.064625275
1,0,0,0,0,0,0,1,0,1,0,1,0,1,0.061410929
0,0,1,1,1,0,1,1,0,1,0,0,1,1,0.13187278
0,0,1,1,1,1,0,1,0,1,1,1,0,0,0.070631027
1,1,0,0,1,0,0,1,1,0,0,0,1,0,0.063694806
1,0,0,0,1,1,1,0,1,1,1,0,1,1,0.106411775
0,0,1,1,1,0,1,1,0,0,0,0,1,1,0.042886144
0,0,1,1,1,0,1,1,1,0,0,1,1,0,0.077144307
1,0,0,0,1,0,0,1,1,0,1,1,0,0,0.06394857
0,1,0,1,1,0,1,1,1,1,1,0,1,1,0.015902555
0,0,1,1,0,1,0,1,0,1,1,1,1,0,0.180426324
0,0,1,1,0,0,1,0,0,0,0,0,0,0,0.028421587
0,0,0,0,0,0,1,1,0,1,1,0,0,1,0.047284723
0,0,1,0,0,1,0,1,1,0,0,1,1,0,0.056251057
1,0,1,1,0,1,0,1,0,1,0,0,1,0,0.031889697
1,1,1,1,1,1,0,1,1,0,0,0,0,1,0.102182372
1,1,1,1,0,0,1,0,1,1,0,1,1,0,0.045931314
1,0,0,0,1,1,0,0,1,1,0,1,1,0,0.061326341
1,1,0,1,1,1,1,0,1,1,1,1,1,0,0.104381661
0,0,0,0,1,0,0,0,0,1,0,1,0,0,0.038318389
1,1,1,0,0,1,0,0,0,0,1,1,1,0,0.085349349
1,1,0,0,0,0,1,1,1,1,1,1,1,0,0.202080866
1,1,0,0,0,1,0,1,0,0,0,1,1,1,0.097107088
1,1,1,1,1,0,1,0,1,1,0,1,0,1,0.119522923
0,1,0,1,0,1,1,1,0,0,0,0,1,1,0.002368466
1,0,0,0,0,1,1,0,1,0,1,1,1,1,0.109118592
1,0,0,1,0,0,1,1,0,1,0,1,1,1,0.807308408
0,1,0,1,0,0,0,0,1,1,1,0,1,1,0.068431737
0,1,0,0,0,1,0,1,0,1,0,0,1,0,0.05701235
1,1,0,1,1,0,1,1,0,1,0,1,1,0,0.059972932
0,1,0,1,0,1,0,0,1,0,1,0,1,1,0.053713416
0,1,1,0,1,0,1,0,1,0,0,1,1,1,0.192099476
1,0,0,1,0,0,0,1,0,1,1,0,0,1,0.080612418
1,1,0,1,0,0,1,1,1,0,1,0,0,0,0.112755879
0,1,1,0,0,1,0,0,1,1,0,0,0,0,0.091947217
1,1,0,1,0,1,0,1,1,0,1,1,1,0,0.064963627
1,0,0,0,0,1,1,0,1,1,1,0,1,0,0.093300626
1,1,0,1,0,0,1,1,1,0,1,1,0,1,0.136271358
1,1,1,1,0,1,0,0,0,0,1,0,0,0,0.081289122
1,1,0,1,0,0,0,1,1,1,1,0,0,1,0.060226696
1,0,1,1,1,0,0,1,1,0,0,0,0,0,0.061241753
0,1,0,0,1,0,1,1,0,1,1,1,1,0,0.126966672
0,0,0,1,0,0,0,1,1,0,1,1,0,1,0.073422433
0,0,0,1,0,0,0,1,1,1,0,1,0,1,0.091947217
1,0,1,1,0,0,1,0,1,1,1,0,1,0,0.0417865
1,1,1,1,1,1,1,0,1,0,0,0,1,0,0.052782947
0,1,0,1,1,1,1,0,1,0,1,1,1,0,0.051514126
0,1,1,1,1,1,0,1,0,1,0,1,1,1,0.112332939
0,1,1,1,0,0,1,1,1,1,0,0,1,0,0.159110134
0,1,0,1,0,0,0,0,1,0,1,0,1,1,0.061580105
1,0,1,0,0,1,0,0,1,1,0,0,1,0,0.019709017
1,0,0,0,0,0,0,0,1,0,1,1,0,0,0.075029606
1,1,1,0,1,1,0,0,1,0,0,1,0,0,0.076044662
0,1,1,0,0,1,1,0,0,1,0,0,0,1,0.078582304
0,1,1,1,1,1,1,0,0,1,0,0,0,0,0.026645238
0,0,1,0,1,1,0,0,1,1,1,1,0,0,0.07181526
0,0,1,0,1,1,0,0,1,0,1,1,0,0,0.1026899
1,0,1,0,1,1,0,1,1,0,0,0,1,0,0.343427508
1,0,0,1,0,1,1,1,1,1,1,1,1,1,0.072745728
1,0,1,1,1,1,1,1,1,1,1,1,1,0,0.127135848
0,1,0,1,0,0,1,0,0,0,0,1,0,0,0.042801556
1,0,1,1,1,1,0,0,0,0,1,0,0,0,0.071476907
1,1,0,0,1,1,0,0,0,0,1,1,0,0,0.064033159
0,1,0,1,1,0,0,0,0,0,0,0,1,1,0.035780748
1,0,1,1,1,1,1,0,0,1,0,0,1,0,0.077821012
0,0,1,1,0,1,0,0,0,0,1,0,0,0,0.036288276
1,1,0,0,1,0,1,0,1,1,1,0,1,1,0.090847572
1,1,1,0,1,1,1,0,1,1,0,1,0,1,0.106073422
0,0,0,0,1,0,0,1,1,0,0,0,0,1,0.107088479
1,1,1,1,1,0,0,0,0,1,0,1,0,0,0.132549484
0,0,0,0,1,0,0,0,0,1,0,1,1,0,0.081204534
0,0,0,0,1,0,1,1,0,1,1,1,1,0,0.071899848
0,0,1,1,0,0,1,0,1,1,1,1,1,0,0.324902724
1,1,0,1,0,0,0,0,1,1,1,1,1,0,0.180510912
1,1,1,1,0,0,0,1,1,1,0,0,1,0,0.059042463
1,0,0,0,0,0,0,0,0,0,0,0,1,0,0.120368804
0,0,0,1,0,1,0,1,1,1,0,1,0,1,0.058365759
0,0,1,0,1,0,0,1,0,1,1,1,0,1,0.038572154
1,0,0,0,1,0,1,1,0,0,1,1,0,1,0.047030959
0,1,1,1,1,0,0,0,1,1,1,1,1,0,0.080781594
1,0,0,1,0,0,0,0,1,0,1,0,0,0,0.06394857
0,0,0,1,1,0,0,1,1,1,1,0,0,1,0.101505667
0,0,0,0,0,0,0,0,0,1,0,1,0,1,0.073084081
1,0,0,0,0,0,1,0,0,1,0,1,0,0,0.049314837
1,0,1,0,1,1,0,1,1,1,0,1,1,1,0.086026053
0,1,1,0,0,1,1,1,0,1,1,0,1,1,0.042463204
1,0,1,0,0,0,0,0,1,0,1,1,1,0,0.153696498
0,0,1,0,0,1,1,0,0,1,1,0,1,0,0.034088987
1,1,1,0,0,0,0,1,1,0,1,0,1,1,0.091947217
0,1,0,0,1,1,1,1,1,0,0,1,1,0,0.039418034
1,0,1,0,1,1,1,0,1,1,0,0,0,1,0.092031805
0,0,1,0,1,0,0,1,0,1,0,0,1,1,0.124767383
0,0,1,0,0,1,1,1,0,1,0,1,0,1,0.038995094
0,0,0,0,1,0,0,1,1,1,1,0,1,0,0.041109795
0,0,0,1,0,1,0,1,1,1,1,1,0,1,0.083234647
0,0,1,0,1,0,0,0,1,0,1,1,1,0,0.064117747
0,1,0,0,1,0,0,0,1,1,0,1,0,0,0.094569447
1,1,1,0,1,1,0,1,1,0,1,0,1,1,0.070800203
1,1,1,0,0,0,1,1,1,0,0,0,0,1,0.059380815
0,1,0,1,0,1,1,0,0,1,0,0,0,1,0.020301133
0,0,1,1,0,1,0,0,1,0,1,0,0,1,0.053713416
0,1,1,0,1,1,1,1,0,0,1,1,0,1,0.048553544
0,0,0,0,1,0,1,1,0,0,0,1,1,1,0.036372864
0,0,0,0,1,1,0,0,1,0,0,1,0,1,0.044070377
0,0,1,0,0,1,1,1,1,1,0,1,0,0,0.09355439
1,1,0,1,1,0,0,0,1,0,1,1,0,1,0.070884791
0,0,0,1,0,0,1,0,0,0,1,0,1,1,0.002875994
0,0,0,0,0,0,0,1,1,1,0,0,1,1,0.090255456
0,0,1,1,0,0,0,1,1,1,1,1,1,1,0.054643884
0,0,0,1,0,1,1,0,0,0,1,1,1,0,0.065809508
0,0,1,0,1,1,1,1,1,0,1,1,0,0,0.049484013
0,1,0,0,1,1,1,0,0,1,1,0,0,1,0.058196583
1,0,0,1,1,0,0,1,0,0,0,0,0,1,0.040263915
1,1,0,1,1,1,1,1,1,1,0,1,1,0,0.061072577
1,1,0,1,1,0,0,0,0,0,1,1,0,1,0.091355101
1,1,1,0,0,1,0,1,1,0,1,0,0,1,0.056081881
0,0,1,1,0,0,0,0,0,0,1,0,1,1,0.028252411
1,1,1,1,1,0,1,1,1,0,1,0,1,0,0.097530029
1,1,1,0,0,0,0,0,0,0,1,0,1,1,0.053205887
0,0,1,0,0,1,0,0,0,1,0,1,1,1,0.093723566
0,1,0,0,0,0,1,1,0,1,0,0,1,0,0.084080528
0,1,0,0,0,0,0,0,0,1,0,0,0,1,0.019116901
1,1,0,0,0,0,1,1,0,1,1,1,0,1,0.049484013
0,1,0,0,0,0,0,0,0,0,0,0,1,0,0.034596515
1,0,0,1,0,0,1,0,1,1,0,1,1,1,0.069954322
0,0,1,1,1,0,0,1,1,0,0,1,1,1,0.058873287
1,0,1,0,0,1,1,0,1,0,0,1,0,0,0.155726611
0,0,1,0,1,0,1,1,0,0,0,1,0,1,0.058873287
1,1,0,1,1,1,1,1,1,1,0,0,0,0,0.103535781
1,1,1,1,1,0,0,0,0,1,1,0,0,0,0.024530536
1,0,1,1,1,1,1,1,0,0,0,1,1,0,0.046608019
0,0,0,0,1,0,0,1,0,1,1,0,1,1,0.043478261
0,1,0,0,0,1,1,0,0,1,1,0,1,1,0.02782947
1,0,0,1,0,1,0,1,1,0,1,0,1,1,0.029774996
1,1,1,1,0,1,1,1,0,1,1,1,1,0,0.15403485
1,1,0,1,1,0,1,0,1,0,0,0,0,1,0.064963627
0,0,1,1,1,0,1,0,1,0,1,1,0,1,0.091016748
0,1,1,1,0,0,0,0,1,1,0,0,1,0,0.033835222
1,1,0,0,1,1,0,1,1,0,0,1,1,0,0.062848926
1,1,1,0,0,0,1,1,0,1,1,1,1,0,0.130942311
0,1,1,1,1,0,1,0,0,0,1,1,1,0,0.087548638
0,0,0,1,0,1,1,1,0,1,1,0,1,1,0.065132803
0,0,0,1,0,0,0,1,0,0,0,0,1,0,0.061326341
0,0,0,1,0,1,1,0,1,0,0,1,1,0,0.181695145
1,0,0,1,1,0,1,0,1,0,1,0,0,1,0.065809508
0,1,0,0,0,0,0,0,0,1,0,0,0,1,0.035188631
1,0,0,1,0,1,1,0,0,1,1,0,1,1,0.042463204
0,1,1,1,1,0,0,1,0,0,1,1,0,0,0.090762984
0,1,1,0,0,1,0,1,1,0,0,0,0,1,0.081204534
0,0,0,0,0,1,1,1,0,0,1,0,0,0,0.057266114
0,1,0,0,1,1,0,1,0,1,1,1,1,1,0.058957875
0,0,1,1,1,0,1,1,1,0,0,1,0,0,0.074352901
0,1,1,0,1,0,1,1,1,0,1,0,0,0,0.022331247
0,1,0,1,0,0,0,0,1,0,1,1,1,0,0.136355947
1,1,1,1,1,1,0,0,1,1,1,1,0,0,0.058027407
0,0,1,0,1,0,1,1,1,1,1,0,1,1,0.094315683
0,0,1,0,0,1,0,1,1,1,1,1,0,1,0.096345796
1,0,0,0,0,0,1,0,0,0,0,0,1,1,0.076467603
1,0,1,0,1,0,0,0,0,1,0,0,1,1,0.056758586
