root;compressed_script;encryption;crypt_aes;crypt_blowfish;transaction_control;txc_mvlocks;txc_mvcc;txc_locks;table_type;memory_tables;cached_tables;small_cache;large_cache;logging;detailed_logging;no_write_delay;small_log;energy;performance
1;0;0;0;0;1;0;0;1;1;1;0;0;0;0;0;0;0;6.6386;248.6
1;0;1;1;0;1;0;0;1;1;1;0;0;0;0;0;0;0;6.6458;249.8
1;0;1;1;0;1;0;0;1;1;1;0;0;0;1;0;0;0;6.6662;250.6
1;0;1;1;0;1;0;0;1;1;1;0;0;0;1;0;1;0;6.7028;250
1;0;1;1;0;1;0;0;1;1;1;0;0;0;1;0;1;1;6.6742;251.4
1;0;1;1;0;1;0;0;1;1;1;0;0;0;1;0;0;1;6.7226;251.4
1;0;1;1;0;1;0;0;1;1;1;0;0;0;1;1;0;0;6.6576;250.2
1;0;1;1;0;1;0;0;1;1;1;0;0;0;1;1;1;0;6.6166;250
1;0;1;1;0;1;0;0;1;1;1;0;0;0;1;1;1;1;6.6998;251.4
1;0;1;1;0;1;0;0;1;1;1;0;0;0;1;1;0;1;6.749;251.6
1;0;1;1;0;1;0;1;0;1;1;0;0;0;0;0;0;0;6.6902;250.2
1;0;1;1;0;1;0;1;0;1;1;0;0;0;1;0;0;0;6.6706;250
1;0;1;1;0;1;0;1;0;1;1;0;0;0;1;0;1;0;6.6872;249.6
1;0;1;1;0;1;0;1;0;1;1;0;0;0;1;0;1;1;6.6996;251.2
1;0;1;1;0;1;0;1;0;1;1;0;0;0;1;0;0;1;6.7306;251.2
1;0;1;1;0;1;0;1;0;1;1;0;0;0;1;1;0;0;6.6764;250
1;0;1;1;0;1;0;1;0;1;1;0;0;0;1;1;1;0;6.6312;250
1;0;1;1;0;1;0;1;0;1;1;0;0;0;1;1;1;1;6.7456;251.4
1;0;1;1;0;1;0;1;0;1;1;0;0;0;1;1;0;1;6.7104;251.4
1;0;1;1;0;1;0;1;0;1;1;0;0;0;0;0;1;0;6.652;249.6
1;0;1;1;0;1;0;1;0;1;1;0;0;0;0;0;1;1;6.7294;251.4
1;0;1;1;0;1;0;1;0;1;1;0;0;0;0;0;0;1;6.7208;251.2
1;0;1;1;0;1;1;0;0;1;1;0;0;0;0;0;0;0;6.6674;249.8
1;0;1;1;0;1;1;0;0;1;1;0;0;0;1;0;0;0;6.6332;249.4
1;0;1;1;0;1;1;0;0;1;1;0;0;0;1;0;1;0;6.6766;249.6
1;0;1;1;0;1;1;0;0;1;1;0;0;0;1;0;1;1;6.6918;251.4
1;0;1;1;0;1;1;0;0;1;1;0;0;0;1;0;0;1;6.7098;251
1;0;1;1;0;1;1;0;0;1;1;0;0;0;1;1;0;0;6.651;249.6
1;0;1;1;0;1;1;0;0;1;1;0;0;0;1;1;1;0;6.6392;249.4
1;0;1;1;0;1;1;0;0;1;1;0;0;0;1;1;1;1;6.7428;251.4
1;0;1;1;0;1;1;0;0;1;1;0;0;0;1;1;0;1;6.7088;251.4
1;0;1;1;0;1;1;0;0;1;1;0;0;0;0;0;1;0;6.6628;249.4
1;0;1;1;0;1;1;0;0;1;1;0;0;0;0;0;1;1;6.7286;251.2
1;0;1;1;0;1;1;0;0;1;1;0;0;0;0;0;0;1;6.7186;251.2
1;0;1;1;0;1;0;0;1;1;1;0;0;0;0;0;1;0;6.6504;250
1;0;1;1;0;1;0;0;1;1;1;0;0;0;0;0;1;1;6.7418;251
1;0;1;1;0;1;0;0;1;1;1;0;0;0;0;0;0;1;6.708;251.4
1;0;1;0;1;1;0;0;1;1;1;0;0;0;0;0;0;0;9.7376;320.6
1;0;1;0;1;1;0;0;1;1;1;0;0;0;1;0;0;0;8.7084;321.2
1;0;1;0;1;1;0;0;1;1;1;0;0;0;1;0;1;0;8.9072;321.2
1;0;1;0;1;1;0;0;1;1;1;0;0;0;1;0;1;1;8.795;322
1;0;1;0;1;1;0;0;1;1;1;0;0;0;1;0;0;1;9.8146;321.8
1;0;1;0;1;1;0;0;1;1;1;0;0;0;1;1;0;0;8.6934;320.8
1;0;1;0;1;1;0;0;1;1;1;0;0;0;1;1;1;0;8.8766;320.8
1;0;1;0;1;1;0;0;1;1;1;0;0;0;1;1;1;1;8.836;322.2
1;0;1;0;1;1;0;0;1;1;1;0;0;0;1;1;0;1;9.785;322.4
1;0;1;0;1;1;0;1;0;1;1;0;0;0;0;0;0;0;8.7994;320.4
1;0;1;0;1;1;0;1;0;1;1;0;0;0;1;0;0;0;8.8484;320.8
1;0;1;0;1;1;0;1;0;1;1;0;0;0;1;0;1;0;9.1014;321.2
1;0;1;0;1;1;0;1;0;1;1;0;0;0;1;0;1;1;9.8;321.8
1;0;1;0;1;1;0;1;0;1;1;0;0;0;1;0;0;1;9.1618;321.8
1;0;1;0;1;1;0;1;0;1;1;0;0;0;1;1;0;0;8.8638;320.2
1;0;1;0;1;1;0;1;0;1;1;0;0;0;1;1;1;0;9.1286;320.6
1;0;1;0;1;1;0;1;0;1;1;0;0;0;1;1;1;1;9.1458;321.8
1;0;1;0;1;1;0;1;0;1;1;0;0;0;1;1;0;1;9.7276;321.4
1;0;1;0;1;1;0;1;0;1;1;0;0;0;0;0;1;0;9.764;320.4
1;0;1;0;1;1;0;1;0;1;1;0;0;0;0;0;1;1;8.856;321.6
1;0;1;0;1;1;0;1;0;1;1;0;0;0;0;0;0;1;8.7108;321.8
1;0;1;0;1;1;1;0;0;1;1;0;0;0;0;0;0;0;8.7026;320.2
1;0;1;0;1;1;1;0;0;1;1;0;0;0;1;0;0;0;8.708;320.2
1;0;1;0;1;1;1;0;0;1;1;0;0;0;1;0;1;0;8.8804;320
1;0;1;0;1;1;1;0;0;1;1;0;0;0;1;0;1;1;8.8088;321.8
1;0;1;0;1;1;1;0;0;1;1;0;0;0;1;0;0;1;9.7812;322
1;0;1;0;1;1;1;0;0;1;1;0;0;0;1;1;0;0;8.6818;320
1;0;1;0;1;1;1;0;0;1;1;0;0;0;1;1;1;0;9.7584;320.2
1;0;1;0;1;1;1;0;0;1;1;0;0;0;1;1;1;1;8.832;322
1;0;1;0;1;1;1;0;0;1;1;0;0;0;1;1;0;1;6.653;248.4
1;0;1;0;1;1;1;0;0;1;1;0;0;0;0;0;1;0;8.8826;320.4
1;0;1;0;1;1;1;0;0;1;1;0;0;0;0;0;1;1;8.843;321.8
1;0;1;0;1;1;1;0;0;1;1;0;0;0;0;0;0;1;9.8466;322
1;0;1;0;1;1;0;0;1;1;1;0;0;0;0;0;1;0;8.7934;321
1;0;1;0;1;1;0;0;1;1;1;0;0;0;0;0;1;1;6.67;249.2
1;0;1;0;1;1;0;0;1;1;1;0;0;0;0;0;0;1;8.9362;322.4
1;0;0;0;0;1;0;0;1;1;0;1;0;0;0;0;0;0;7.0884;262.6
1;0;1;1;0;1;0;0;1;1;0;1;0;0;0;0;0;0;7.1218;262.4
1;0;1;1;0;1;0;0;1;1;0;1;0;0;1;0;0;0;7.0936;262.2
1;0;1;1;0;1;0;0;1;1;0;1;0;0;1;0;1;0;7.1018;261.8
1;0;1;1;0;1;0;0;1;1;0;1;0;0;1;0;1;1;7.1834;264
1;0;1;1;0;1;0;0;1;1;0;1;0;0;1;0;0;1;7.1602;264
1;0;1;1;0;1;0;0;1;1;0;1;0;0;1;1;0;0;7.1122;262.4
1;0;1;1;0;1;0;0;1;1;0;1;0;0;1;1;1;0;7.0908;262.4
1;0;1;1;0;1;0;0;1;1;0;1;0;0;1;1;1;1;7.4208;264
1;0;1;1;0;1;0;0;1;1;0;1;0;0;1;1;0;1;7.1306;264
1;0;1;1;0;1;0;1;0;1;0;1;0;0;0;0;0;0;7.1386;262.6
1;0;1;1;0;1;0;1;0;1;0;1;0;0;1;0;0;0;7.1516;262.8
1;0;1;1;0;1;0;1;0;1;0;1;0;0;1;0;1;0;7.1376;262.8
1;0;1;1;0;1;0;1;0;1;0;1;0;0;1;0;1;1;7.178;264
1;0;1;1;0;1;0;1;0;1;0;1;0;0;1;0;0;1;7.1478;264.2
1;0;1;1;0;1;0;1;0;1;0;1;0;0;1;1;0;0;7.1302;262.6
1;0;1;1;0;1;0;1;0;1;0;1;0;0;1;1;1;0;7.1338;262.4
1;0;1;1;0;1;0;1;0;1;0;1;0;0;1;1;1;1;7.1446;264
1;0;1;1;0;1;0;1;0;1;0;1;0;0;1;1;0;1;7.158;263.8
1;0;1;1;0;1;0;1;0;1;0;1;0;0;0;0;1;0;7.114;262.6
1;0;1;1;0;1;0;1;0;1;0;1;0;0;0;0;1;1;7.1488;264.4
1;0;1;1;0;1;0;1;0;1;0;1;0;0;0;0;0;1;7.159;264.2
1;0;1;1;0;1;1;0;0;1;0;1;0;0;0;0;0;0;7.114;262.6
1;0;1;1;0;1;1;0;0;1;0;1;0;0;1;0;0;0;7.186;263
1;0;1;1;0;1;1;0;0;1;0;1;0;0;1;0;1;0;7.1508;262.6
1;0;1;1;0;1;1;0;0;1;0;1;0;0;1;0;1;1;7.1716;264
1;0;1;1;0;1;1;0;0;1;0;1;0;0;1;0;0;1;7.476;264
1;0;1;1;0;1;1;0;0;1;0;1;0;0;1;1;0;0;7.1768;262.6
1;0;1;1;0;1;1;0;0;1;0;1;0;0;1;1;1;0;7.1522;262.6
1;0;1;1;0;1;1;0;0;1;0;1;0;0;1;1;1;1;7.194;264
1;0;1;1;0;1;1;0;0;1;0;1;0;0;1;1;0;1;7.1846;264.2
1;0;1;1;0;1;1;0;0;1;0;1;0;0;0;0;1;0;7.1528;263
1;0;1;1;0;1;1;0;0;1;0;1;0;0;0;0;1;1;7.4602;263.8
1;0;1;1;0;1;1;0;0;1;0;1;0;0;0;0;0;1;7.4304;264
1;0;1;1;0;1;0;0;1;1;0;1;0;0;0;0;1;0;7.151;262
1;0;1;1;0;1;0;0;1;1;0;1;0;0;0;0;1;1;7.1618;264
1;0;1;1;0;1;0;0;1;1;0;1;0;0;0;0;0;1;7.111;263.6
1;0;1;0;1;1;0;0;1;1;0;1;0;0;0;0;0;0;13.5528;477.4
1;0;1;0;1;1;0;0;1;1;0;1;0;0;1;0;0;0;13.6274;478.8
1;0;1;0;1;1;0;0;1;1;0;1;0;0;1;0;1;0;13.5848;478.4
1;0;1;0;1;1;0;0;1;1;0;1;0;0;1;0;1;1;14.2742;479
1;0;1;0;1;1;0;0;1;1;0;1;0;0;1;0;0;1;14.2846;478.8
1;0;1;0;1;1;0;0;1;1;0;1;0;0;1;1;0;0;13.5836;478.4
1;0;1;0;1;1;0;0;1;1;0;1;0;0;1;1;1;0;13.5766;477.8
1;0;1;0;1;1;0;0;1;1;0;1;0;0;1;1;1;1;14.304;479
1;0;1;0;1;1;0;0;1;1;0;1;0;0;1;1;0;1;14.28;479.4
1;0;1;0;1;1;0;1;0;1;0;1;0;0;0;0;0;0;15.254;510.4
1;0;1;0;1;1;0;1;0;1;0;1;0;0;1;0;0;0;14.5582;511
1;0;1;0;1;1;0;1;0;1;0;1;0;0;1;0;1;0;14.601;511.4
1;0;1;0;1;1;0;1;0;1;0;1;0;0;1;0;1;1;15.342;511.2
1;0;1;0;1;1;0;1;0;1;0;1;0;0;1;0;0;1;15.286;511
1;0;1;0;1;1;0;1;0;1;0;1;0;0;1;1;0;0;14.563;511
1;0;1;0;1;1;0;1;0;1;0;1;0;0;1;1;1;0;14.577;511
1;0;1;0;1;1;0;1;0;1;0;1;0;0;1;1;1;1;15.2954;511.6
1;0;1;0;1;1;0;1;0;1;0;1;0;0;1;1;0;1;15.3022;510.8
1;0;1;0;1;1;0;1;0;1;0;1;0;0;0;0;1;0;14.5612;510.6
1;0;1;0;1;1;0;1;0;1;0;1;0;0;0;0;1;1;15.3294;511.4
1;0;1;0;1;1;0;1;0;1;0;1;0;0;0;0;0;1;14.5658;511.6
1;0;1;0;1;1;1;0;0;1;0;1;0;0;0;0;0;0;14.7006;511.8
1;0;1;0;1;1;1;0;0;1;0;1;0;0;1;0;0;0;14.583;511.6
1;0;1;0;1;1;1;0;0;1;0;1;0;0;1;0;1;0;14.5428;510.2
1;0;1;0;1;1;1;0;0;1;0;1;0;0;1;0;1;1;15.315;511.4
1;0;1;0;1;1;1;0;0;1;0;1;0;0;1;0;0;1;15.3178;511.2
1;0;1;0;1;1;1;0;0;1;0;1;0;0;1;1;0;0;14.5602;510.4
1;0;1;0;1;1;1;0;0;1;0;1;0;0;1;1;1;0;14.5476;510.6
1;0;1;0;1;1;1;0;0;1;0;1;0;0;1;1;1;1;15.362;511.4
1;0;1;0;1;1;1;0;0;1;0;1;0;0;1;1;0;1;15.339;511.4
1;0;1;0;1;1;1;0;0;1;0;1;0;0;0;0;1;0;14.5808;511.2
1;0;1;0;1;1;1;0;0;1;0;1;0;0;0;0;1;1;15.3504;511.2
1;0;1;0;1;1;1;0;0;1;0;1;0;0;0;0;0;1;14.5652;510.8
1;0;1;0;1;1;0;0;1;1;0;1;0;0;0;0;1;0;13.5748;478.4
1;0;1;0;1;1;0;0;1;1;0;1;0;0;0;0;1;1;14.2922;478.8
1;0;1;0;1;1;0;0;1;1;0;1;0;0;0;0;0;1;13.7548;479.8
1;1;0;0;0;1;0;0;1;1;0;1;0;0;0;0;0;0;7.3532;262.2
1;1;1;1;0;1;0;0;1;1;0;1;0;0;0;0;0;0;7.0972;262.4
1;1;1;1;0;1;0;0;1;1;0;1;0;0;1;0;0;0;7.0716;262.6
1;1;1;1;0;1;0;0;1;1;0;1;0;0;1;0;1;0;7.1094;262.8
1;1;1;1;0;1;0;0;1;1;0;1;0;0;1;0;1;1;7.4422;264
1;1;1;1;0;1;0;0;1;1;0;1;0;0;1;0;0;1;7.4068;263.4
1;1;1;1;0;1;0;0;1;1;0;1;0;0;1;1;0;0;7.1338;262.8
1;1;1;1;0;1;0;0;1;1;0;1;0;0;1;1;1;0;7.1494;262.4
1;1;1;1;0;1;0;0;1;1;0;1;0;0;1;1;1;1;7.4936;263.6
1;1;1;1;0;1;0;0;1;1;0;1;0;0;1;1;0;1;7.4654;263.8
1;1;1;1;0;1;0;1;0;1;0;1;0;0;0;0;0;0;7.4552;262.4
1;1;1;1;0;1;0;1;0;1;0;1;0;0;1;0;0;0;7.4502;262.8
1;1;1;1;0;1;0;1;0;1;0;1;0;0;1;0;1;0;7.4012;262.2
1;1;1;1;0;1;0;1;0;1;0;1;0;0;1;0;1;1;7.4806;264
1;1;1;1;0;1;0;1;0;1;0;1;0;0;1;0;0;1;7.484;264.2
1;1;1;1;0;1;0;1;0;1;0;1;0;0;1;1;0;0;7.4324;262.2
1;1;1;1;0;1;0;1;0;1;0;1;0;0;1;1;1;0;7.4542;262.6
1;1;1;1;0;1;0;1;0;1;0;1;0;0;1;1;1;1;7.5052;264
1;1;1;1;0;1;0;1;0;1;0;1;0;0;1;1;0;1;7.492;264
1;1;1;1;0;1;0;1;0;1;0;1;0;0;0;0;1;0;7.4778;262
1;1;1;1;0;1;0;1;0;1;0;1;0;0;0;0;1;1;7.515;263.8
1;1;1;1;0;1;0;1;0;1;0;1;0;0;0;0;0;1;7.48;263.6
1;1;1;1;0;1;1;0;0;1;0;1;0;0;0;0;0;0;7.1528;263
1;1;1;1;0;1;1;0;0;1;0;1;0;0;1;0;0;0;7.129;263.2
1;1;1;1;0;1;1;0;0;1;0;1;0;0;1;0;1;0;7.1782;262.6
1;1;1;1;0;1;1;0;0;1;0;1;0;0;1;0;1;1;7.5114;264
1;1;1;1;0;1;1;0;0;1;0;1;0;0;1;0;0;1;7.5026;264
1;1;1;1;0;1;1;0;0;1;0;1;0;0;1;1;0;0;7.124;263
1;1;1;1;0;1;1;0;0;1;0;1;0;0;1;1;1;0;7.1228;263
1;1;1;1;0;1;1;0;0;1;0;1;0;0;1;1;1;1;7.4858;263.4
1;1;1;1;0;1;1;0;0;1;0;1;0;0;1;1;0;1;7.5284;264.2
1;1;1;1;0;1;1;0;0;1;0;1;0;0;0;0;1;0;7.1358;262.6
1;1;1;1;0;1;1;0;0;1;0;1;0;0;0;0;1;1;7.5106;263.6
1;1;1;1;0;1;1;0;0;1;0;1;0;0;0;0;0;1;7.4836;264
1;1;1;1;0;1;0;0;1;1;0;1;0;0;0;0;1;0;7.1458;262.2
1;1;1;1;0;1;0;0;1;1;0;1;0;0;0;0;1;1;7.4594;263.8
1;1;1;1;0;1;0;0;1;1;0;1;0;0;0;0;0;1;7.4646;264
1;1;1;0;1;1;0;0;1;1;0;1;0;0;0;0;0;0;14.262;477.4
1;1;1;0;1;1;0;0;1;1;0;1;0;0;1;0;0;0;14.2926;476.8
1;1;1;0;1;1;0;0;1;1;0;1;0;0;1;0;1;0;13.8838;477.8
1;1;1;0;1;1;0;0;1;1;0;1;0;0;1;0;1;1;14.5936;480.4
1;1;1;0;1;1;0;0;1;1;0;1;0;0;1;0;0;1;14.2924;478.4
1;1;1;0;1;1;0;0;1;1;0;1;0;0;1;1;0;0;14.3356;477.4
1;1;1;0;1;1;0;0;1;1;0;1;0;0;1;1;1;0;13.9186;478.6
1;1;1;0;1;1;0;0;1;1;0;1;0;0;1;1;1;1;14.589;480.4
1;1;1;0;1;1;0;0;1;1;0;1;0;0;1;1;0;1;14.2684;478.6
1;1;1;0;1;1;0;1;0;1;0;1;0;0;0;0;0;0;15.2852;510.6
1;1;1;0;1;1;0;1;0;1;0;1;0;0;1;0;0;0;14.747;512
1;1;1;0;1;1;0;1;0;1;0;1;0;0;1;0;1;0;14.8168;510
1;1;1;0;1;1;0;1;0;1;0;1;0;0;1;0;1;1;14.7788;511.8
1;1;1;0;1;1;0;1;0;1;0;1;0;0;1;0;0;1;14.9652;511
1;1;1;0;1;1;0;1;0;1;0;1;0;0;1;1;0;0;14.8496;510.2
1;1;1;0;1;1;0;1;0;1;0;1;0;0;1;1;1;0;14.7948;511.4
1;1;1;0;1;1;0;1;0;1;0;1;0;0;1;1;1;1;14.984;511.2
1;1;1;0;1;1;0;1;0;1;0;1;0;0;1;1;0;1;14.9566;510.6
1;1;1;0;1;1;0;1;0;1;0;1;0;0;0;0;1;0;14.9046;511.2
1;1;1;0;1;1;0;1;0;1;0;1;0;0;0;0;1;1;14.9012;511.2
1;1;1;0;1;1;0;1;0;1;0;1;0;0;0;0;0;1;15.3886;512.8
1;1;1;0;1;1;1;0;0;1;0;1;0;0;0;0;0;0;15.3244;509.8
1;1;1;0;1;1;1;0;0;1;0;1;0;0;1;0;0;0;15.393;510
1;1;1;0;1;1;1;0;0;1;0;1;0;0;1;0;1;0;14.8734;510.8
1;1;1;0;1;1;1;0;0;1;0;1;0;0;1;0;1;1;15.7306;512.8
1;1;1;0;1;1;1;0;0;1;0;1;0;0;1;0;0;1;15.3334;510.4
1;1;1;0;1;1;1;0;0;1;0;1;0;0;1;1;0;0;15.3466;509.8
1;1;1;0;1;1;1;0;0;1;0;1;0;0;1;1;1;0;15.348;512.4
1;1;1;0;1;1;1;0;0;1;0;1;0;0;1;1;1;1;15.368;512.4
1;1;1;0;1;1;1;0;0;1;0;1;0;0;1;1;0;1;15.3746;510.4
1;1;1;0;1;1;1;0;0;1;0;1;0;0;0;0;1;0;14.8656;510.4
1;1;1;0;1;1;1;0;0;1;0;1;0;0;0;0;1;1;15.698;513
1;1;1;0;1;1;1;0;0;1;0;1;0;0;0;0;0;1;15.3514;510.8
1;1;1;0;1;1;0;0;1;1;0;1;0;0;0;0;1;0;13.846;477.8
1;1;1;0;1;1;0;0;1;1;0;1;0;0;0;0;1;1;14.5986;480.6
1;1;1;0;1;1;0;0;1;1;0;1;0;0;0;0;0;1;14.2686;478.6
1;1;0;0;0;1;0;0;1;1;0;1;0;0;1;0;0;0;7.0768;262
1;1;0;0;0;1;0;0;1;1;0;1;0;0;1;0;1;0;7.1036;262.2
1;1;0;0;0;1;0;0;1;1;0;1;0;0;1;0;1;1;7.4522;264
1;1;0;0;0;1;0;0;1;1;0;1;0;0;1;0;0;1;7.409;263.4
1;1;0;0;0;1;0;0;1;1;0;1;0;0;1;1;0;0;7.0582;262.4
1;1;0;0;0;1;0;0;1;1;0;1;0;0;1;1;1;0;7.319;262
1;1;0;0;0;1;0;0;1;1;0;1;0;0;1;1;1;1;7.1056;263.4
1;1;0;0;0;1;0;0;1;1;0;1;0;0;1;1;0;1;7.4022;263.6
1;1;0;0;0;1;0;1;0;1;0;1;0;0;0;0;0;0;7.0594;262.2
1;1;0;0;0;1;0;1;0;1;0;1;0;0;1;0;0;0;7.0498;262.4
1;1;0;0;0;1;0;1;0;1;0;1;0;0;1;0;1;0;7.0702;262.4
1;1;0;0;0;1;0;1;0;1;0;1;0;0;1;0;1;1;7.3828;263.4
1;1;0;0;0;1;0;1;0;1;0;1;0;0;1;0;0;1;7.3726;263
1;1;0;0;0;1;0;1;0;1;0;1;0;0;1;1;0;0;7.0354;262.4
1;1;0;0;0;1;0;1;0;1;0;1;0;0;1;1;1;0;7.0422;262.4
1;1;0;0;0;1;0;1;0;1;0;1;0;0;1;1;1;1;7.4022;263.4
1;1;0;0;0;1;0;1;0;1;0;1;0;0;1;1;0;1;7.3944;263.6
1;1;0;0;0;1;0;1;0;1;0;1;0;0;0;0;1;0;7.0582;262.4
1;1;0;0;0;1;0;1;0;1;0;1;0;0;0;0;1;1;7.0892;263.4
1;1;0;0;0;1;0;1;0;1;0;1;0;0;0;0;0;1;7.0646;263.6
1;1;0;0;0;1;1;0;0;1;0;1;0;0;0;0;0;0;7.3478;261.8
1;1;0;0;0;1;1;0;0;1;0;1;0;0;1;0;0;0;7.0882;262.4
1;1;0;0;0;1;1;0;0;1;0;1;0;0;1;0;1;0;7.0472;262.2
1;1;0;0;0;1;1;0;0;1;0;1;0;0;1;0;1;1;7.1222;263.4
1;1;0;0;0;1;1;0;0;1;0;1;0;0;1;0;0;1;7.1162;263.4
1;1;0;0;0;1;1;0;0;1;0;1;0;0;1;1;0;0;7.068;262
1;1;0;0;0;1;1;0;0;1;0;1;0;0;1;1;1;0;7.064;261.8
1;1;0;0;0;1;1;0;0;1;0;1;0;0;1;1;1;1;7.1042;263.8
1;1;0;0;0;1;1;0;0;1;0;1;0;0;1;1;0;1;7.069;263
1;1;0;0;0;1;1;0;0;1;0;1;0;0;0;0;1;0;7.0722;262.2
1;1;0;0;0;1;1;0;0;1;0;1;0;0;0;0;1;1;7.1048;263.6
1;1;0;0;0;1;1;0;0;1;0;1;0;0;0;0;0;1;7.1302;263.2
1;1;0;0;0;1;0;0;1;1;0;1;0;0;0;0;1;0;7.4064;262.2
1;1;0;0;0;1;0;0;1;1;0;1;0;0;0;0;1;1;7.0978;263.8
1;1;0;0;0;1;0;0;1;1;0;1;0;0;0;0;0;1;7.12;263.8
1;0;0;0;0;1;0;0;1;1;0;1;0;0;1;0;0;0;7.1026;262.4
1;0;0;0;0;1;0;0;1;1;0;1;0;0;1;0;1;0;7.0746;262.4
1;0;0;0;0;1;0;0;1;1;0;1;0;0;1;0;1;1;7.3976;263.4
1;0;0;0;0;1;0;0;1;1;0;1;0;0;1;0;0;1;7.4364;263.6
1;0;0;0;0;1;0;0;1;1;0;1;0;0;1;1;0;0;7.0476;262.2
1;0;0;0;0;1;0;0;1;1;0;1;0;0;1;1;1;0;7.4576;264.8
1;0;0;0;0;1;0;0;1;1;0;1;0;0;1;1;1;1;7.4574;263.6
1;0;0;0;0;1;0;0;1;1;0;1;0;0;1;1;0;1;7.4454;264
1;0;0;0;0;1;0;1;0;1;0;1;0;0;0;0;0;0;7.3112;262.4
1;0;0;0;0;1;0;1;0;1;0;1;0;0;1;0;0;0;7.175;264.6
1;0;0;0;0;1;0;1;0;1;0;1;0;0;1;0;1;0;7.0498;262.2
1;0;0;0;0;1;0;1;0;1;0;1;0;0;1;0;1;1;7.1016;263.6
1;0;0;0;0;1;0;1;0;1;0;1;0;0;1;0;0;1;7.1494;263.2
1;0;0;0;0;1;0;1;0;1;0;1;0;0;1;1;0;0;6.6764;248.8
1;0;0;0;0;1;0;1;0;1;0;1;0;0;1;1;1;0;7.0924;262.2
1;0;0;0;0;1;0;1;0;1;0;1;0;0;1;1;1;1;7.115;263.2
1;0;0;0;0;1;0;1;0;1;0;1;0;0;1;1;0;1;7.093;263.2
1;0;0;0;0;1;0;1;0;1;0;1;0;0;0;0;1;0;7.0952;262
1;0;0;0;0;1;0;1;0;1;0;1;0;0;0;0;1;1;7.202;265.6
1;0;0;0;0;1;0;1;0;1;0;1;0;0;0;0;0;1;7.0684;263.8
1;0;0;0;0;1;1;0;0;1;0;1;0;0;0;0;0;0;7.4644;264.8
1;0;0;0;0;1;1;0;0;1;0;1;0;0;1;0;0;0;7.189;264.6
1;0;0;0;0;1;1;0;0;1;0;1;0;0;1;0;1;0;7.4542;264.8
1;0;0;0;0;1;1;0;0;1;0;1;0;0;1;0;1;1;7.4652;266
1;0;0;0;0;1;1;0;0;1;0;1;0;0;1;0;0;1;7.5394;266
1;0;0;0;0;1;1;0;0;1;0;1;0;0;1;1;0;0;7.0644;262.2
1;0;0;0;0;1;1;0;0;1;0;1;0;0;1;1;1;0;7.1382;264.2
1;0;0;0;0;1;1;0;0;1;0;1;0;0;1;1;1;1;7.0978;263.2
1;0;0;0;0;1;1;0;0;1;0;1;0;0;1;1;0;1;7.2308;265.8
1;0;0;0;0;1;1;0;0;1;0;1;0;0;0;0;1;0;7.4688;264.4
1;0;0;0;0;1;1;0;0;1;0;1;0;0;0;0;1;1;7.155;263.4
1;0;0;0;0;1;1;0;0;1;0;1;0;0;0;0;0;1;7.4102;263.4
1;0;0;0;0;1;0;0;1;1;0;1;0;0;0;0;1;0;7.0528;262.6
1;0;0;0;0;1;0;0;1;1;0;1;0;0;0;0;1;1;7.4012;263.8
1;0;0;0;0;1;0;0;1;1;0;1;0;0;0;0;0;1;7.3864;263.6
1;1;0;0;0;1;0;0;1;1;1;0;0;0;0;0;0;0;7.4052;249.8
1;1;1;1;0;1;0;0;1;1;1;0;0;0;0;0;0;0;7.4076;250
1;1;1;1;0;1;0;0;1;1;1;0;0;0;1;0;0;0;7.4018;250.6
1;1;1;1;0;1;0;0;1;1;1;0;0;0;1;0;1;0;6.6322;250.2
1;1;1;1;0;1;0;0;1;1;1;0;0;0;1;0;1;1;6.6734;251.6
1;1;1;1;0;1;0;0;1;1;1;0;0;0;1;0;0;1;6.7952;251.4
1;1;1;1;0;1;0;0;1;1;1;0;0;0;1;1;0;0;6.7586;249.6
1;1;1;1;0;1;0;0;1;1;1;0;0;0;1;1;1;0;6.6516;249.8
1;1;1;1;0;1;0;0;1;1;1;0;0;0;1;1;1;1;6.67;251.4
1;1;1;1;0;1;0;0;1;1;1;0;0;0;1;1;0;1;7.4236;251.6
1;1;1;1;0;1;0;1;0;1;1;0;0;0;0;0;0;0;7.4006;249.8
1;1;1;1;0;1;0;1;0;1;1;0;0;0;1;0;0;0;6.6868;249.6
1;1;1;1;0;1;0;1;0;1;1;0;0;0;1;0;1;0;6.6266;249.4
1;1;1;1;0;1;0;1;0;1;1;0;0;0;1;0;1;1;6.6724;251.2
1;1;1;1;0;1;0;1;0;1;1;0;0;0;1;0;0;1;7.476;251.4
1;1;1;1;0;1;0;1;0;1;1;0;0;0;1;1;0;0;7.3856;249.8
1;1;1;1;0;1;0;1;0;1;1;0;0;0;1;1;1;0;6.6558;250
1;1;1;1;0;1;0;1;0;1;1;0;0;0;1;1;1;1;6.6506;251.4
1;1;1;1;0;1;0;1;0;1;1;0;0;0;1;1;0;1;6.7804;251.6
1;1;1;1;0;1;0;1;0;1;1;0;0;0;0;0;1;0;6.6376;249.8
1;1;1;1;0;1;0;1;0;1;1;0;0;0;0;0;1;1;6.6398;251.6
1;1;1;1;0;1;0;1;0;1;1;0;0;0;0;0;0;1;6.7792;251.4
1;1;1;1;0;1;1;0;0;1;1;0;0;0;0;0;0;0;6.721;249.8
1;1;1;1;0;1;1;0;0;1;1;0;0;0;1;0;0;0;6.7504;249.6
1;1;1;1;0;1;1;0;0;1;1;0;0;0;1;0;1;0;6.6426;249.8
1;1;1;1;0;1;1;0;0;1;1;0;0;0;1;0;1;1;6.6902;251.2
1;1;1;1;0;1;1;0;0;1;1;0;0;0;1;0;0;1;7.4696;251.4
1;1;1;1;0;1;1;0;0;1;1;0;0;0;1;1;0;0;7.354;249.6
1;1;1;1;0;1;1;0;0;1;1;0;0;0;1;1;1;0;6.6588;250
1;1;1;1;0;1;1;0;0;1;1;0;0;0;1;1;1;1;6.6936;251.6
1;1;1;1;0;1;1;0;0;1;1;0;0;0;1;1;0;1;6.835;251.4
1;1;1;1;0;1;1;0;0;1;1;0;0;0;0;0;1;0;6.6424;250
1;1;1;1;0;1;1;0;0;1;1;0;0;0;0;0;1;1;6.7188;251.2
1;1;1;1;0;1;1;0;0;1;1;0;0;0;0;0;0;1;7.4486;251.2
1;1;1;1;0;1;0;0;1;1;1;0;0;0;0;0;1;0;6.6464;250.2
1;1;1;1;0;1;0;0;1;1;1;0;0;0;0;0;1;1;6.6718;251.2
1;1;1;1;0;1;0;0;1;1;1;0;0;0;0;0;0;1;6.776;251.8
1;1;1;0;1;1;0;0;1;1;1;0;0;0;0;0;0;0;8.9416;321
1;1;1;0;1;1;0;0;1;1;1;0;0;0;1;0;0;0;8.9822;321.2
1;1;1;0;1;1;0;0;1;1;1;0;0;0;1;0;1;0;8.8114;321.2
1;1;1;0;1;1;0;0;1;1;1;0;0;0;1;0;1;1;8.7994;322.4
1;1;1;0;1;1;0;0;1;1;1;0;0;0;1;0;0;1;9.8394;322
1;1;1;0;1;1;0;0;1;1;1;0;0;0;1;1;0;0;8.9308;320.2
1;1;1;0;1;1;0;0;1;1;1;0;0;0;1;1;1;0;8.802;320.2
1;1;1;0;1;1;0;0;1;1;1;0;0;0;1;1;1;1;8.7678;323
1;1;1;0;1;1;0;0;1;1;1;0;0;0;1;1;0;1;9.813;322.2
1;1;1;0;1;1;0;1;0;1;1;0;0;0;0;0;0;0;8.8834;320.2
1;1;1;0;1;1;0;1;0;1;1;0;0;0;1;0;0;0;8.8754;320.2
1;1;1;0;1;1;0;1;0;1;1;0;0;0;1;0;1;0;8.8222;320.4
1;1;1;0;1;1;0;1;0;1;1;0;0;0;1;0;1;1;8.7376;322
1;1;1;0;1;1;0;1;0;1;1;0;0;0;1;0;0;1;9.7744;322
1;1;1;0;1;1;0;1;0;1;1;0;0;0;1;1;0;0;8.9162;320.4
1;1;1;0;1;1;0;1;0;1;1;0;0;0;1;1;1;0;8.8028;320.8
1;1;1;0;1;1;0;1;0;1;1;0;0;0;1;1;1;1;8.7486;322
1;1;1;0;1;1;0;1;0;1;1;0;0;0;1;1;0;1;9.7516;321.8
1;1;1;0;1;1;0;1;0;1;1;0;0;0;0;0;1;0;8.7624;320.2
1;1;1;0;1;1;0;1;0;1;1;0;0;0;0;0;1;1;8.7042;321.8
1;1;1;0;1;1;0;1;0;1;1;0;0;0;0;0;0;1;9.7576;321.8
1;1;1;0;1;1;1;0;0;1;1;0;0;0;0;0;0;0;8.946;319.8
1;1;1;0;1;1;1;0;0;1;1;0;0;0;1;0;0;0;8.8996;320
1;1;1;0;1;1;1;0;0;1;1;0;0;0;1;0;1;0;8.79;320.2
1;1;1;0;1;1;1;0;0;1;1;0;0;0;1;0;1;1;8.7128;322
1;1;1;0;1;1;1;0;0;1;1;0;0;0;1;0;0;1;9.7604;321.8
1;1;1;0;1;1;1;0;0;1;1;0;0;0;1;1;0;0;8.9092;320.2
1;1;1;0;1;1;1;0;0;1;1;0;0;0;1;1;1;0;8.804;320.2
1;1;1;0;1;1;1;0;0;1;1;0;0;0;1;1;1;1;8.7322;322
1;1;1;0;1;1;1;0;0;1;1;0;0;0;1;1;0;1;9.7516;321.6
1;1;1;0;1;1;1;0;0;1;1;0;0;0;0;0;1;0;8.827;320.4
1;1;1;0;1;1;1;0;0;1;1;0;0;0;0;0;1;1;8.7396;322
1;1;1;0;1;1;1;0;0;1;1;0;0;0;0;0;0;1;9.76;322
1;1;1;0;1;1;0;0;1;1;1;0;0;0;0;0;1;0;8.8064;320.8
1;1;1;0;1;1;0;0;1;1;1;0;0;0;0;0;1;1;8.7326;321.8
1;1;1;0;1;1;0;0;1;1;1;0;0;0;0;0;0;1;9.7884;321.8
1;1;0;0;0;1;0;0;1;1;1;0;0;0;1;0;0;0;6.9012;249
1;1;0;0;0;1;0;0;1;1;1;0;0;0;1;0;1;0;6.6764;249.6
1;1;0;0;0;1;0;0;1;1;1;0;0;0;1;0;1;1;7.4588;251.6
1;1;0;0;0;1;0;0;1;1;1;0;0;0;1;0;0;1;6.9694;251
1;1;0;0;0;1;0;0;1;1;1;0;0;0;1;1;0;0;6.7272;249.6
1;1;0;0;0;1;0;0;1;1;1;0;0;0;1;1;1;0;6.6464;249.8
1;1;0;0;0;1;0;0;1;1;1;0;0;0;1;1;1;1;7.0072;251.4
1;1;0;0;0;1;0;0;1;1;1;0;0;0;1;1;0;1;6.7338;251.4
1;1;0;0;0;1;0;1;0;1;1;0;0;0;0;0;0;0;6.9144;249.8
1;1;0;0;0;1;0;1;0;1;1;0;0;0;1;0;0;0;6.687;249.8
1;1;0;0;0;1;0;1;0;1;1;0;0;0;1;0;1;0;6.7478;249.2
1;1;0;0;0;1;0;1;0;1;1;0;0;0;1;0;1;1;6.724;251
1;1;0;0;0;1;0;1;0;1;1;0;0;0;1;0;0;1;7.4416;251
1;1;0;0;0;1;0;1;0;1;1;0;0;0;1;1;0;0;7.417;250
1;1;0;0;0;1;0;1;0;1;1;0;0;0;1;1;1;0;6.6456;249.8
1;1;0;0;0;1;0;1;0;1;1;0;0;0;1;1;1;1;6.6778;251.2
1;1;0;0;0;1;0;1;0;1;1;0;0;0;1;1;0;1;6.8294;251.2
1;1;0;0;0;1;0;1;0;1;1;0;0;0;0;0;1;0;7.3944;249.6
1;1;0;0;0;1;0;1;0;1;1;0;0;0;0;0;1;1;6.83;251.2
1;1;0;0;0;1;0;1;0;1;1;0;0;0;0;0;0;1;7.1742;252.2
1;1;0;0;0;1;1;0;0;1;1;0;0;0;0;0;0;0;6.7722;249.4
1;1;0;0;0;1;1;0;0;1;1;0;0;0;1;0;0;0;7.428;249.2
1;1;0;0;0;1;1;0;0;1;1;0;0;0;1;0;1;0;6.6796;249.6
1;1;0;0;0;1;1;0;0;1;1;0;0;0;1;0;1;1;7.1364;255.2
1;1;0;0;0;1;1;0;0;1;1;0;0;0;1;0;0;1;6.7732;251.2
1;1;0;0;0;1;1;0;0;1;1;0;0;0;1;1;0;0;6.6764;249.8
1;1;0;0;0;1;1;0;0;1;1;0;0;0;1;1;1;0;6.9098;249.2
1;1;0;0;0;1;1;0;0;1;1;0;0;0;1;1;1;1;6.7862;251.2
1;1;0;0;0;1;1;0;0;1;1;0;0;0;1;1;0;1;7.534;251
1;1;0;0;0;1;1;0;0;1;1;0;0;0;0;0;1;0;6.9328;249.8
1;1;0;0;0;1;1;0;0;1;1;0;0;0;0;0;1;1;6.801;250.8
1;1;0;0;0;1;1;0;0;1;1;0;0;0;0;0;0;1;7.4692;251
1;1;0;0;0;1;0;0;1;1;1;0;0;0;0;0;1;0;6.9256;250
1;1;0;0;0;1;0;0;1;1;1;0;0;0;0;0;1;1;6.7188;251.4
1;1;0;0;0;1;0;0;1;1;1;0;0;0;0;0;0;1;7.0326;251.2
1;0;0;0;0;1;0;0;1;1;0;1;0;1;0;0;0;0;7.3384;262
1;0;1;1;0;1;0;0;1;1;0;1;0;1;0;0;0;0;8.1042;262
1;0;1;1;0;1;0;0;1;1;0;1;0;1;1;0;0;0;8.0998;262
1;0;1;1;0;1;0;0;1;1;0;1;0;1;1;0;1;0;8.1428;262.6
1;0;1;1;0;1;0;0;1;1;0;1;0;1;1;0;1;1;7.4094;263.6
1;0;1;1;0;1;0;0;1;1;0;1;0;1;1;0;0;1;7.3856;263.6
1;0;1;1;0;1;0;0;1;1;0;1;0;1;1;1;0;0;8.1544;262
1;0;1;1;0;1;0;0;1;1;0;1;0;1;1;1;1;0;8.1792;262.8
1;0;1;1;0;1;0;0;1;1;0;1;0;1;1;1;1;1;7.4256;263.8
1;0;1;1;0;1;0;0;1;1;0;1;0;1;1;1;0;1;7.3822;263.2
1;0;1;1;0;1;0;1;0;1;0;1;0;1;0;0;0;0;8.157;263.6
1;0;1;1;0;1;0;1;0;1;0;1;0;1;1;0;0;0;8.1466;263
1;0;1;1;0;1;0;1;0;1;0;1;0;1;1;0;1;0;8.1;262.8
1;0;1;1;0;1;0;1;0;1;0;1;0;1;1;0;1;1;7.403;264.4
1;0;1;1;0;1;0;1;0;1;0;1;0;1;1;0;0;1;7.4184;263.8
1;0;1;1;0;1;0;1;0;1;0;1;0;1;1;1;0;0;8.002;263.4
1;0;1;1;0;1;0;1;0;1;0;1;0;1;1;1;1;0;8.0068;263.2
1;0;1;1;0;1;0;1;0;1;0;1;0;1;1;1;1;1;7.3934;263.8
1;0;1;1;0;1;0;1;0;1;0;1;0;1;1;1;0;1;7.449;263.8
1;0;1;1;0;1;0;1;0;1;0;1;0;1;0;0;1;0;8.0916;263
1;0;1;1;0;1;0;1;0;1;0;1;0;1;0;0;1;1;7.3698;263.4
1;0;1;1;0;1;0;1;0;1;0;1;0;1;0;0;0;1;7.3882;263.8
1;0;1;1;0;1;1;0;0;1;0;1;0;1;0;0;0;0;8.1308;262.4
1;0;1;1;0;1;1;0;0;1;0;1;0;1;1;0;0;0;8.206;263
1;0;1;1;0;1;1;0;0;1;0;1;0;1;1;0;1;0;8.164;262.8
1;0;1;1;0;1;1;0;0;1;0;1;0;1;1;0;1;1;7.4072;263.6
1;0;1;1;0;1;1;0;0;1;0;1;0;1;1;0;0;1;7.3994;264
1;0;1;1;0;1;1;0;0;1;0;1;0;1;1;1;0;0;8.0854;263.2
1;0;1;1;0;1;1;0;0;1;0;1;0;1;1;1;1;0;8.1034;263
1;0;1;1;0;1;1;0;0;1;0;1;0;1;1;1;1;1;7.3794;263.2
1;0;1;1;0;1;1;0;0;1;0;1;0;1;1;1;0;1;7.416;263.8
1;0;1;1;0;1;1;0;0;1;0;1;0;1;0;0;1;0;8.1692;262.6
1;0;1;1;0;1;1;0;0;1;0;1;0;1;0;0;1;1;7.4046;263.6
1;0;1;1;0;1;1;0;0;1;0;1;0;1;0;0;0;1;7.4552;264
1;0;1;1;0;1;0;0;1;1;0;1;0;1;0;0;1;0;8.1918;262.8
1;0;1;1;0;1;0;0;1;1;0;1;0;1;0;0;1;1;7.372;263.6
1;0;1;1;0;1;0;0;1;1;0;1;0;1;0;0;0;1;7.3938;263.8
1;0;1;0;1;1;0;0;1;1;0;1;0;1;0;0;0;0;15.3564;477.6
1;0;1;0;1;1;0;0;1;1;0;1;0;1;1;0;0;0;15.3522;476.6
1;0;1;0;1;1;0;0;1;1;0;1;0;1;1;0;1;0;15.331;477.2
1;0;1;0;1;1;0;0;1;1;0;1;0;1;1;0;1;1;14.0734;478.4
1;0;1;0;1;1;0;0;1;1;0;1;0;1;1;0;0;1;14.062;478
1;0;1;0;1;1;0;0;1;1;0;1;0;1;1;1;0;0;15.3372;477.6
1;0;1;0;1;1;0;0;1;1;0;1;0;1;1;1;1;0;15.3628;477.2
1;0;1;0;1;1;0;0;1;1;0;1;0;1;1;1;1;1;14.0724;478.6
1;0;1;0;1;1;0;0;1;1;0;1;0;1;1;1;0;1;14.087;478.6
1;0;1;0;1;1;0;1;0;1;0;1;0;1;0;0;0;0;15.441;511.8
1;0;1;0;1;1;0;1;0;1;0;1;0;1;1;0;0;0;14.6412;509.8
1;0;1;0;1;1;0;1;0;1;0;1;0;1;1;0;1;0;14.6608;511.4
1;0;1;0;1;1;0;1;0;1;0;1;0;1;1;0;1;1;15.36;511.4
1;0;1;0;1;1;0;1;0;1;0;1;0;1;1;0;0;1;15.2582;510.2
1;0;1;0;1;1;0;1;0;1;0;1;0;1;1;1;0;0;15.4168;512.2
1;0;1;0;1;1;0;1;0;1;0;1;0;1;1;1;1;0;14.5908;509.6
1;0;1;0;1;1;0;1;0;1;0;1;0;1;1;1;1;1;14.6482;511.4
1;0;1;0;1;1;0;1;0;1;0;1;0;1;1;1;0;1;15.2812;511.4
1;0;1;0;1;1;0;1;0;1;0;1;0;1;0;0;1;0;14.632;511.2
1;0;1;0;1;1;0;1;0;1;0;1;0;1;0;0;1;1;6.6816;249.4
1;0;1;0;1;1;0;1;0;1;0;1;0;1;0;0;0;1;14.6362;510.6
1;0;1;0;1;1;1;0;0;1;0;1;0;1;0;0;0;0;16.3352;509.6
1;0;1;0;1;1;1;0;0;1;0;1;0;1;1;0;0;0;16.3918;509.8
1;0;1;0;1;1;1;0;0;1;0;1;0;1;1;0;1;0;16.405;509.4
1;0;1;0;1;1;1;0;0;1;0;1;0;1;1;0;1;1;15.0934;510.4
1;0;1;0;1;1;1;0;0;1;0;1;0;1;1;0;0;1;15.0984;511
1;0;1;0;1;1;1;0;0;1;0;1;0;1;1;1;0;0;16.4504;509.8
1;0;1;0;1;1;1;0;0;1;0;1;0;1;1;1;1;0;15.383;510.2
1;0;1;0;1;1;1;0;0;1;0;1;0;1;1;1;1;1;16.4212;510.4
1;0;1;0;1;1;1;0;0;1;0;1;0;1;1;1;0;1;15.3404;510.4
1;0;1;0;1;1;1;0;0;1;0;1;0;1;0;0;1;0;16.4282;509.8
1;0;1;0;1;1;1;0;0;1;0;1;0;1;0;0;1;1;15.1264;511.4
1;0;1;0;1;1;1;0;0;1;0;1;0;1;0;0;0;1;15.0656;510.6
1;0;1;0;1;1;0;0;1;1;0;1;0;1;0;0;1;0;15.3106;477.2
1;0;1;0;1;1;0;0;1;1;0;1;0;1;0;0;1;1;14.0616;478.2
1;0;1;0;1;1;0;0;1;1;0;1;0;1;0;0;0;1;14.0446;478.4
1;1;0;0;0;1;0;0;1;1;0;1;0;1;0;0;0;0;7.3946;262.4
1;1;1;1;0;1;0;0;1;1;0;1;0;1;0;0;0;0;7.63;264.8
1;1;1;1;0;1;0;0;1;1;0;1;0;1;1;0;0;0;7.6666;265.2
1;1;1;1;0;1;0;0;1;1;0;1;0;1;1;0;1;0;7.4218;261.8
1;1;1;1;0;1;0;0;1;1;0;1;0;1;1;0;1;1;7.7252;266.6
1;1;1;1;0;1;0;0;1;1;0;1;0;1;1;0;0;1;7.4134;263.8
1;1;1;1;0;1;0;0;1;1;0;1;0;1;1;1;0;0;7.1592;262.8
1;1;1;1;0;1;0;0;1;1;0;1;0;1;1;1;1;0;7.3904;261.6
1;1;1;1;0;1;0;0;1;1;0;1;0;1;1;1;1;1;7.7232;266.6
1;1;1;1;0;1;0;0;1;1;0;1;0;1;1;1;0;1;7.4262;263.6
1;1;1;1;0;1;0;1;0;1;0;1;0;1;0;0;0;0;7.156;263
1;1;1;1;0;1;0;1;0;1;0;1;0;1;1;0;0;0;7.1622;263.2
1;1;1;1;0;1;0;1;0;1;0;1;0;1;1;0;1;0;7.4262;262.6
1;1;1;1;0;1;0;1;0;1;0;1;0;1;1;0;1;1;7.7476;266.2
1;1;1;1;0;1;0;1;0;1;0;1;0;1;1;0;0;1;7.3938;263.8
1;1;1;1;0;1;0;1;0;1;0;1;0;1;1;1;0;0;7.2024;263.4
1;1;1;1;0;1;0;1;0;1;0;1;0;1;1;1;1;0;7.444;262.6
1;1;1;1;0;1;0;1;0;1;0;1;0;1;1;1;1;1;7.7242;266.2
1;1;1;1;0;1;0;1;0;1;0;1;0;1;1;1;0;1;7.4536;264
1;1;1;1;0;1;0;1;0;1;0;1;0;1;0;0;1;0;7.4892;263
1;1;1;1;0;1;0;1;0;1;0;1;0;1;0;0;1;1;7.731;266.6
1;1;1;1;0;1;0;1;0;1;0;1;0;1;0;0;0;1;7.42;264
1;1;1;1;0;1;1;0;0;1;0;1;0;1;0;0;0;0;6.6574;249.2
1;1;1;1;0;1;1;0;0;1;0;1;0;1;1;0;0;0;7.1898;263
1;1;1;1;0;1;1;0;0;1;0;1;0;1;1;0;1;0;7.4448;262
1;1;1;1;0;1;1;0;0;1;0;1;0;1;1;0;1;1;6.6566;249.4
1;1;1;1;0;1;1;0;0;1;0;1;0;1;1;0;0;1;7.4282;263.2
1;1;1;1;0;1;1;0;0;1;0;1;0;1;1;1;0;0;7.1644;262.4
1;1;1;1;0;1;1;0;0;1;0;1;0;1;1;1;1;0;7.4436;262.2
1;1;1;1;0;1;1;0;0;1;0;1;0;1;1;1;1;1;7.7122;266.8
1;1;1;1;0;1;1;0;0;1;0;1;0;1;1;1;0;1;7.447;264
1;1;1;1;0;1;1;0;0;1;0;1;0;1;0;0;1;0;7.4322;262.2
1;1;1;1;0;1;1;0;0;1;0;1;0;1;0;0;1;1;7.744;266.6
1;1;1;1;0;1;1;0;0;1;0;1;0;1;0;0;0;1;7.437;263.4
1;1;1;1;0;1;0;0;1;1;0;1;0;1;0;0;1;0;7.366;261.4
1;1;1;1;0;1;0;0;1;1;0;1;0;1;0;0;1;1;7.2076;264.2
1;1;1;1;0;1;0;0;1;1;0;1;0;1;0;0;0;1;7.4482;263.8
1;1;1;0;1;1;0;0;1;1;0;1;0;1;0;0;0;0;13.869;479.2
1;1;1;0;1;1;0;0;1;1;0;1;0;1;1;0;0;0;13.9122;479.6
1;1;1;0;1;1;0;0;1;1;0;1;0;1;1;0;1;0;14.159;480.6
1;1;1;0;1;1;0;0;1;1;0;1;0;1;1;0;1;1;14.6108;480.6
1;1;1;0;1;1;0;0;1;1;0;1;0;1;1;0;0;1;14.3798;479.4
1;1;1;0;1;1;0;0;1;1;0;1;0;1;1;1;0;0;14.281;477.4
1;1;1;0;1;1;0;0;1;1;0;1;0;1;1;1;1;0;14.3236;478.2
1;1;1;0;1;1;0;0;1;1;0;1;0;1;1;1;1;1;13.7132;478.8
1;1;1;0;1;1;0;0;1;1;0;1;0;1;1;1;0;1;14.4744;481.2
1;1;1;0;1;1;0;1;0;1;0;1;0;1;0;0;0;0;15.708;512
1;1;1;0;1;1;0;1;0;1;0;1;0;1;1;0;0;0;15.6844;512
1;1;1;0;1;1;0;1;0;1;0;1;0;1;1;0;1;0;15.3766;510
1;1;1;0;1;1;0;1;0;1;0;1;0;1;1;0;1;1;14.9588;512
1;1;1;0;1;1;0;1;0;1;0;1;0;1;1;0;0;1;15.356;511.6
1;1;1;0;1;1;0;1;0;1;0;1;0;1;1;1;0;0;15.6998;512
1;1;1;0;1;1;0;1;0;1;0;1;0;1;1;1;1;0;15.3806;510
1;1;1;0;1;1;0;1;0;1;0;1;0;1;1;1;1;1;14.947;511.4
1;1;1;0;1;1;0;1;0;1;0;1;0;1;1;1;0;1;15.3978;511.8
1;1;1;0;1;1;0;1;0;1;0;1;0;1;0;0;1;0;15.3412;509.6
1;1;1;0;1;1;0;1;0;1;0;1;0;1;0;0;1;1;14.901;511.4
1;1;1;0;1;1;0;1;0;1;0;1;0;1;0;0;0;1;15.3432;510.8
1;1;1;0;1;1;1;0;0;1;0;1;0;1;0;0;0;0;14.672;510.6
1;1;1;0;1;1;1;0;0;1;0;1;0;1;1;0;0;0;15.0156;510.6
1;1;1;0;1;1;1;0;0;1;0;1;0;1;1;0;1;0;14.8104;511.6
1;1;1;0;1;1;1;0;0;1;0;1;0;1;1;0;1;1;14.913;511
1;1;1;0;1;1;1;0;0;1;0;1;0;1;1;0;0;1;15.3402;511.4
1;1;1;0;1;1;1;0;0;1;0;1;0;1;1;1;0;0;15.7234;512.4
1;1;1;0;1;1;1;0;0;1;0;1;0;1;1;1;1;0;15.3982;510.2
1;1;1;0;1;1;1;0;0;1;0;1;0;1;1;1;1;1;14.9296;511.2
1;1;1;0;1;1;1;0;0;1;0;1;0;1;1;1;0;1;15.3148;510.8
1;1;1;0;1;1;1;0;0;1;0;1;0;1;0;0;1;0;15.3684;510.6
1;1;1;0;1;1;1;0;0;1;0;1;0;1;0;0;1;1;14.8992;510.8
1;1;1;0;1;1;1;0;0;1;0;1;0;1;0;0;0;1;15.1604;511.6
1;1;1;0;1;1;0;0;1;1;0;1;0;1;0;0;1;0;14.1134;480.6
1;1;1;0;1;1;0;0;1;1;0;1;0;1;0;0;1;1;13.9932;478.6
1;1;1;0;1;1;0;0;1;1;0;1;0;1;0;0;0;1;14.3578;480.2
1;1;0;0;0;1;0;0;1;1;0;1;0;1;1;0;0;0;7.0848;262
1;1;0;0;0;1;0;0;1;1;0;1;0;1;1;0;1;0;7.3566;262
1;1;0;0;0;1;0;0;1;1;0;1;0;1;1;0;1;1;7.127;263.8
1;1;0;0;0;1;0;0;1;1;0;1;0;1;1;0;0;1;7.4402;264
1;1;0;0;0;1;0;0;1;1;0;1;0;1;1;1;0;0;7.646;264.8
1;1;0;0;0;1;0;0;1;1;0;1;0;1;1;1;1;0;7.3226;262.4
1;1;0;0;0;1;0;0;1;1;0;1;0;1;1;1;1;1;7.1802;264
1;1;0;0;0;1;0;0;1;1;0;1;0;1;1;1;0;1;7.4858;263.6
1;1;0;0;0;1;0;1;0;1;0;1;0;1;0;0;0;0;7.5936;264.4
1;1;0;0;0;1;0;1;0;1;0;1;0;1;1;0;0;0;7.593;264.4
1;1;0;0;0;1;0;1;0;1;0;1;0;1;1;0;1;0;7.3404;262
1;1;0;0;0;1;0;1;0;1;0;1;0;1;1;0;1;1;7.1178;263.6
1;1;0;0;0;1;0;1;0;1;0;1;0;1;1;0;0;1;7.3556;262.8
1;1;0;0;0;1;0;1;0;1;0;1;0;1;1;1;0;0;7.5796;264.6
1;1;0;0;0;1;0;1;0;1;0;1;0;1;1;1;1;0;7.3496;262
1;1;0;0;0;1;0;1;0;1;0;1;0;1;1;1;1;1;7.1254;263.4
1;1;0;0;0;1;0;1;0;1;0;1;0;1;1;1;0;1;7.357;263
1;1;0;0;0;1;0;1;0;1;0;1;0;1;0;0;1;0;7.3424;262
1;1;0;0;0;1;0;1;0;1;0;1;0;1;0;0;1;1;7.1038;263.4
1;1;0;0;0;1;0;1;0;1;0;1;0;1;0;0;0;1;7.3378;263.2
1;1;0;0;0;1;1;0;0;1;0;1;0;1;0;0;0;0;7.5972;264.8
1;1;0;0;0;1;1;0;0;1;0;1;0;1;1;0;0;0;7.3704;262.2
1;1;0;0;0;1;1;0;0;1;0;1;0;1;1;0;1;0;7.3622;262
1;1;0;0;0;1;1;0;0;1;0;1;0;1;1;0;1;1;7.1724;263.2
1;1;0;0;0;1;1;0;0;1;0;1;0;1;1;0;0;1;7.165;263.2
1;1;0;0;0;1;1;0;0;1;0;1;0;1;1;1;0;0;6.9042;249.4
1;1;0;0;0;1;1;0;0;1;0;1;0;1;1;1;1;0;7.4084;261.8
1;1;0;0;0;1;1;0;0;1;0;1;0;1;1;1;1;1;7.154;263.6
1;1;0;0;0;1;1;0;0;1;0;1;0;1;1;1;0;1;7.6652;265.6
1;1;0;0;0;1;1;0;0;1;0;1;0;1;0;0;1;0;7.3694;261.6
1;1;0;0;0;1;1;0;0;1;0;1;0;1;0;0;1;1;7.6726;266
1;1;0;0;0;1;1;0;0;1;0;1;0;1;0;0;0;1;7.4016;263.2
1;1;0;0;0;1;0;0;1;1;0;1;0;1;0;0;1;0;7.115;262.6
1;1;0;0;0;1;0;0;1;1;0;1;0;1;0;0;1;1;7.6574;265.6
1;1;0;0;0;1;0;0;1;1;0;1;0;1;0;0;0;1;7.4156;263.2
1;0;0;0;0;1;0;0;1;1;0;1;0;1;1;0;0;0;7.2886;261.6
1;0;0;0;0;1;0;0;1;1;0;1;0;1;1;0;1;0;7.0862;262
1;0;0;0;0;1;0;0;1;1;0;1;0;1;1;0;1;1;7.1994;264
1;0;0;0;0;1;0;0;1;1;0;1;0;1;1;0;0;1;7.985;264
1;0;0;0;0;1;0;0;1;1;0;1;0;1;1;1;0;0;7.3808;262
1;0;0;0;0;1;0;0;1;1;0;1;0;1;1;1;1;0;7.6442;264.4
1;0;0;0;0;1;0;0;1;1;0;1;0;1;1;1;1;1;7.4812;266.2
1;0;0;0;0;1;0;0;1;1;0;1;0;1;1;1;0;1;7.1848;263.4
1;0;0;0;0;1;0;1;0;1;0;1;0;1;0;0;0;0;7.349;262.2
1;0;0;0;0;1;0;1;0;1;0;1;0;1;1;0;0;0;7.0926;262.4
1;0;0;0;0;1;0;1;0;1;0;1;0;1;1;0;1;0;7.083;262.2
1;0;0;0;0;1;0;1;0;1;0;1;0;1;1;0;1;1;7.4212;263.6
1;0;0;0;0;1;0;1;0;1;0;1;0;1;1;0;0;1;7.3924;263
1;0;0;0;0;1;0;1;0;1;0;1;0;1;1;1;0;0;7.316;262
1;0;0;0;0;1;0;1;0;1;0;1;0;1;1;1;1;0;8.1002;262
1;0;0;0;0;1;0;1;0;1;0;1;0;1;1;1;1;1;7.3468;263.4
1;0;0;0;0;1;0;1;0;1;0;1;0;1;1;1;0;1;7.4944;265.2
1;0;0;0;0;1;0;1;0;1;0;1;0;1;0;0;1;0;7.3942;262.2
1;0;0;0;0;1;0;1;0;1;0;1;0;1;0;0;1;1;7.1012;263
1;0;0;0;0;1;0;1;0;1;0;1;0;1;0;0;0;1;7.0922;263.2
1;0;0;0;0;1;1;0;0;1;0;1;0;1;0;0;0;0;7.4692;265
1;0;0;0;0;1;1;0;0;1;0;1;0;1;1;0;0;0;7.328;261.8
1;0;0;0;0;1;1;0;0;1;0;1;0;1;1;0;1;0;7.3398;262.2
1;0;0;0;0;1;1;0;0;1;0;1;0;1;1;0;1;1;7.3782;263.4
1;0;0;0;0;1;1;0;0;1;0;1;0;1;1;0;0;1;7.3596;263
1;0;0;0;0;1;1;0;0;1;0;1;0;1;1;1;0;0;7.3514;262
1;0;0;0;0;1;1;0;0;1;0;1;0;1;1;1;1;0;7.0738;262.4
1;0;0;0;0;1;1;0;0;1;0;1;0;1;1;1;1;1;7.0916;263
1;0;0;0;0;1;1;0;0;1;0;1;0;1;1;1;0;1;7.1314;263.4
1;0;0;0;0;1;1;0;0;1;0;1;0;1;0;0;1;0;7.34;262.4
1;0;0;0;0;1;1;0;0;1;0;1;0;1;0;0;1;1;7.3806;263.6
1;0;0;0;0;1;1;0;0;1;0;1;0;1;0;0;0;1;7.3904;262.6
1;0;0;0;0;1;0;0;1;1;0;1;0;1;0;0;1;0;7.111;262.4
1;0;0;0;0;1;0;0;1;1;0;1;0;1;0;0;1;1;7.1184;263.2
1;0;0;0;0;1;0;0;1;1;0;1;0;1;0;0;0;1;8.0062;263.6
1;0;0;0;0;1;0;0;1;1;1;0;0;0;1;0;0;0;6.6326;249.2
1;0;0;0;0;1;0;0;1;1;1;0;0;0;1;0;1;0;6.6932;249.2
1;0;0;0;0;1;0;0;1;1;1;0;0;0;1;0;1;1;6.6656;249.4
1;0;0;0;0;1;0;0;1;1;1;0;0;0;1;0;0;1;6.6652;249.6
1;0;0;0;0;1;0;0;1;1;1;0;0;0;1;1;0;0;6.6436;248.6
1;0;0;0;0;1;0;0;1;1;1;0;0;0;1;1;1;0;6.6594;249.2
1;0;0;0;0;1;0;0;1;1;1;0;0;0;1;1;1;1;6.6776;249.2
1;0;0;0;0;1;0;0;1;1;1;0;0;0;1;1;0;1;6.7722;250.4
1;0;0;0;0;1;0;1;0;1;1;0;0;0;0;0;0;0;6.6646;248.6
1;0;0;0;0;1;0;1;0;1;1;0;0;0;1;0;0;0;6.6594;248.8
1;0;0;0;0;1;0;1;0;1;1;0;0;0;1;0;1;0;6.6372;248.8
1;0;0;0;0;1;0;1;0;1;1;0;0;0;1;0;1;1;6.6676;249.6
1;0;0;0;0;1;0;1;0;1;1;0;0;0;1;0;0;1;6.6522;249.2
1;0;0;0;0;1;0;1;0;1;1;0;0;0;1;1;0;0;6.6452;248.6
1;0;0;0;0;1;0;1;0;1;1;0;0;0;1;1;1;0;6.6232;248.4
1;0;0;0;0;1;0;1;0;1;1;0;0;0;1;1;1;1;6.6522;249.4
1;0;0;0;0;1;0;1;0;1;1;0;0;0;1;1;0;1;6.7152;249.6
1;0;0;0;0;1;0;1;0;1;1;0;0;0;0;0;1;0;6.649;248.6
1;0;0;0;0;1;0;1;0;1;1;0;0;0;0;0;1;1;6.6698;249.6
1;0;0;0;0;1;0;1;0;1;1;0;0;0;0;0;0;1;6.6658;249
1;0;0;0;0;1;1;0;0;1;1;0;0;0;0;0;0;0;6.6548;248.2
1;0;0;0;0;1;1;0;0;1;1;0;0;0;1;0;0;0;6.6268;248.8
1;0;0;0;0;1;1;0;0;1;1;0;0;0;1;0;1;0;6.6166;248.4
1;0;0;0;0;1;1;0;0;1;1;0;0;0;1;0;1;1;6.6476;249.4
1;0;0;0;0;1;1;0;0;1;1;0;0;0;1;0;0;1;6.6772;249.4
1;0;0;0;0;1;1;0;0;1;1;0;0;0;1;1;0;0;6.6564;249
1;0;0;0;0;1;1;0;0;1;1;0;0;0;1;1;1;0;6.6276;248.6
1;0;0;0;0;1;1;0;0;1;1;0;0;0;1;1;1;1;6.6506;249.4
1;0;0;0;0;1;1;0;0;1;1;0;0;0;1;1;0;1;6.7152;249.4
1;0;0;0;0;1;1;0;0;1;1;0;0;0;0;0;1;0;6.6648;249
1;0;0;0;0;1;1;0;0;1;1;0;0;0;0;0;1;1;6.672;248.8
1;0;0;0;0;1;1;0;0;1;1;0;0;0;0;0;0;1;6.6824;249.2
1;0;0;0;0;1;0;0;1;1;1;0;0;0;0;0;1;0;6.6608;248.8
1;0;0;0;0;1;0;0;1;1;1;0;0;0;0;0;1;1;6.692;249.6
1;0;0;0;0;1;0;0;1;1;0;1;1;0;0;0;0;0;7.2812;261.8
1;0;1;1;0;1;0;0;1;1;0;1;1;0;0;0;0;0;7.2958;262
1;0;1;1;0;1;0;0;1;1;0;1;1;0;1;0;0;0;7.3082;261.8
1;0;1;1;0;1;0;0;1;1;0;1;1;0;1;0;1;0;7.1288;262
1;0;1;1;0;1;0;0;1;1;0;1;1;0;1;0;1;1;7.2184;265.4
1;0;1;1;0;1;0;0;1;1;0;1;1;0;1;0;0;1;8.0104;265
1;0;1;1;0;1;0;0;1;1;0;1;1;0;1;1;0;0;7.9458;262.6
1;0;1;1;0;1;0;0;1;1;0;1;1;0;1;1;1;0;7.1308;262.2
1;0;1;1;0;1;0;0;1;1;0;1;1;0;1;1;1;1;7.181;265.4
1;0;1;1;0;1;0;0;1;1;0;1;1;0;1;1;0;1;7.4216;265.2
1;0;1;1;0;1;0;1;0;1;0;1;1;0;0;0;0;0;7.9328;262.6
1;0;1;1;0;1;0;1;0;1;0;1;1;0;1;0;0;0;7.3526;262.8
1;0;1;1;0;1;0;1;0;1;0;1;1;0;1;0;1;0;7.1468;263.4
1;0;1;1;0;1;0;1;0;1;0;1;1;0;1;0;1;1;7.1418;265
1;0;1;1;0;1;0;1;0;1;0;1;1;0;1;0;0;1;7.991;265
1;0;1;1;0;1;0;1;0;1;0;1;1;0;1;1;0;0;7.3404;263.2
1;0;1;1;0;1;0;1;0;1;0;1;1;0;1;1;1;0;7.1514;262.8
1;0;1;1;0;1;0;1;0;1;0;1;1;0;1;1;1;1;7.1814;264.6
1;0;1;1;0;1;0;1;0;1;0;1;1;0;1;1;0;1;8.0102;264.6
1;0;1;1;0;1;0;1;0;1;0;1;1;0;0;0;1;0;7.1282;262.8
1;0;1;1;0;1;0;1;0;1;0;1;1;0;0;0;1;1;7.1674;265
1;0;1;1;0;1;0;1;0;1;0;1;1;0;0;0;0;1;7.3658;264.8
1;0;1;1;0;1;1;0;0;1;0;1;1;0;0;0;0;0;7.3468;262.6
1;0;1;1;0;1;1;0;0;1;0;1;1;0;1;0;0;0;7.972;263
1;0;1;1;0;1;1;0;0;1;0;1;1;0;1;0;1;0;7.116;263
1;0;1;1;0;1;1;0;0;1;0;1;1;0;1;0;1;1;7.1724;264.8
1;0;1;1;0;1;1;0;0;1;0;1;1;0;1;0;0;1;7.3932;264.4
1;0;1;1;0;1;1;0;0;1;0;1;1;0;1;1;0;0;7.286;262
1;0;1;1;0;1;1;0;0;1;0;1;1;0;1;1;1;0;7.1796;262.6
1;0;1;1;0;1;1;0;0;1;0;1;1;0;1;1;1;1;7.2056;265
1;0;1;1;0;1;1;0;0;1;0;1;1;0;1;1;0;1;8.0322;265
1;0;1;1;0;1;1;0;0;1;0;1;1;0;0;0;1;0;7.1978;262.6
1;0;1;1;0;1;1;0;0;1;0;1;1;0;0;0;1;1;7.1896;265
1;0;1;1;0;1;1;0;0;1;0;1;1;0;0;0;0;1;8.0274;264.4
1;0;1;1;0;1;0;0;1;1;0;1;1;0;0;0;1;0;7.1328;262.2
1;0;1;1;0;1;0;0;1;1;0;1;1;0;0;0;1;1;7.1482;265
1;0;1;1;0;1;0;0;1;1;0;1;1;0;0;0;0;1;8.0446;265.4
1;0;1;0;1;1;0;0;1;1;0;1;1;0;0;0;0;0;14.1212;481.8
1;0;1;0;1;1;0;0;1;1;0;1;1;0;1;0;0;0;14.1288;482
1;0;1;0;1;1;0;0;1;1;0;1;1;0;1;0;1;0;13.9802;482
1;0;1;0;1;1;0;0;1;1;0;1;1;0;1;0;1;1;13.7864;484.6
1;0;1;0;1;1;0;0;1;1;0;1;1;0;1;0;0;1;15.479;484
1;0;1;0;1;1;0;0;1;1;0;1;1;0;1;1;0;0;14.1594;481.6
1;0;1;0;1;1;0;0;1;1;0;1;1;0;1;1;1;0;13.9532;482.4
1;0;1;0;1;1;0;0;1;1;0;1;1;0;1;1;1;1;13.76;484.4
1;0;1;0;1;1;0;0;1;1;0;1;1;0;1;1;0;1;15.4904;484.2
1;0;1;0;1;1;0;1;0;1;0;1;1;0;0;0;0;0;15.267;517
1;0;1;0;1;1;0;1;0;1;0;1;1;0;1;0;0;0;16.5246;517
1;0;1;0;1;1;0;1;0;1;0;1;1;0;1;0;1;0;15.001;517.8
1;0;1;0;1;1;0;1;0;1;0;1;1;0;1;0;1;1;14.837;519.6
1;0;1;0;1;1;0;1;0;1;0;1;1;0;1;0;0;1;15.3056;519.4
1;0;1;0;1;1;0;1;0;1;0;1;1;0;1;1;0;0;15.2554;517.2
1;0;1;0;1;1;0;1;0;1;0;1;1;0;1;1;1;0;14.7892;518
1;0;1;0;1;1;0;1;0;1;0;1;1;0;1;1;1;1;15.1122;519.8
1;0;1;0;1;1;0;1;0;1;0;1;1;0;1;1;0;1;16.6586;519.6
1;0;1;0;1;1;0;1;0;1;0;1;1;0;0;0;1;0;15.0508;518.2
1;0;1;0;1;1;0;1;0;1;0;1;1;0;0;0;1;1;14.8266;519
1;0;1;0;1;1;0;1;0;1;0;1;1;0;0;0;0;1;16.6334;519.2
1;0;1;0;1;1;1;0;0;1;0;1;1;0;0;0;0;0;15.286;517.4
1;0;1;0;1;1;1;0;0;1;0;1;1;0;1;0;0;0;15.2518;517.2
1;0;1;0;1;1;1;0;0;1;0;1;1;0;1;0;1;0;14.731;517
1;0;1;0;1;1;1;0;0;1;0;1;1;0;1;0;1;1;15.0954;520.2
1;0;1;0;1;1;1;0;0;1;0;1;1;0;1;0;0;1;16.6186;519.2
1;0;1;0;1;1;1;0;0;1;0;1;1;0;1;1;0;0;15.2634;517.8
1;0;1;0;1;1;1;0;0;1;0;1;1;0;1;1;1;0;14.768;517.6
1;0;1;0;1;1;1;0;0;1;0;1;1;0;1;1;1;1;15.0886;520.2
1;0;1;0;1;1;1;0;0;1;0;1;1;0;1;1;0;1;16.6518;519.6
1;0;1;0;1;1;1;0;0;1;0;1;1;0;0;0;1;0;14.747;517.6
1;0;1;0;1;1;1;0;0;1;0;1;1;0;0;0;1;1;15.1188;520.2
1;0;1;0;1;1;1;0;0;1;0;1;1;0;0;0;0;1;16.6626;519.8
1;0;1;0;1;1;0;0;1;1;0;1;1;0;0;0;1;0;13.9358;482.4
1;0;1;0;1;1;0;0;1;1;0;1;1;0;0;0;1;1;13.7768;484.8
1;0;1;0;1;1;0;0;1;1;0;1;1;0;0;0;0;1;15.4644;485
1;1;0;0;0;1;0;0;1;1;0;1;1;0;0;0;0;0;7.2806;261.8
1;1;1;1;0;1;0;0;1;1;0;1;1;0;0;0;0;0;7.304;261.8
1;1;1;1;0;1;0;0;1;1;0;1;1;0;1;0;0;0;7.313;261.6
1;1;1;1;0;1;0;0;1;1;0;1;1;0;1;0;1;0;7.1342;262.4
1;1;1;1;0;1;0;0;1;1;0;1;1;0;1;0;1;1;7.231;265.2
1;1;1;1;0;1;0;0;1;1;0;1;1;0;1;0;0;1;8.0338;265.4
1;1;1;1;0;1;0;0;1;1;0;1;1;0;1;1;0;0;7.3558;262.2
1;1;1;1;0;1;0;0;1;1;0;1;1;0;1;1;1;0;7.1798;262.2
1;1;1;1;0;1;0;0;1;1;0;1;1;0;1;1;1;1;7.1912;265.2
1;1;1;1;0;1;0;0;1;1;0;1;1;0;1;1;0;1;8.0132;265.4
1;1;1;1;0;1;0;1;0;1;0;1;1;0;0;0;0;0;7.3162;262.6
1;1;1;1;0;1;0;1;0;1;0;1;1;0;1;0;0;0;8.0128;263
1;1;1;1;0;1;0;1;0;1;0;1;1;0;1;0;1;0;7.1876;263
1;1;1;1;0;1;0;1;0;1;0;1;1;0;1;0;1;1;7.205;265
1;1;1;1;0;1;0;1;0;1;0;1;1;0;1;0;0;1;7.4056;264.2
1;1;1;1;0;1;0;1;0;1;0;1;1;0;1;1;0;0;8.035;263.2
1;1;1;1;0;1;0;1;0;1;0;1;1;0;1;1;1;0;7.1896;262.8
1;1;1;1;0;1;0;1;0;1;0;1;1;0;1;1;1;1;7.2304;264.4
1;1;1;1;0;1;0;1;0;1;0;1;1;0;1;1;0;1;7.4154;264.6
1;1;1;1;0;1;0;1;0;1;0;1;1;0;0;0;1;0;7.1488;262.6
1;1;1;1;0;1;0;1;0;1;0;1;1;0;0;0;1;1;7.2028;264.4
1;1;1;1;0;1;0;1;0;1;0;1;1;0;0;0;0;1;8.0006;265
1;1;1;1;0;1;1;0;0;1;0;1;1;0;0;0;0;0;7.316;262.2
1;1;1;1;0;1;1;0;0;1;0;1;1;0;1;0;0;0;7.363;262.8
1;1;1;1;0;1;1;0;0;1;0;1;1;0;1;0;1;0;7.188;262.8
1;1;1;1;0;1;1;0;0;1;0;1;1;0;1;0;1;1;7.1614;264.6
1;1;1;1;0;1;1;0;0;1;0;1;1;0;1;0;0;1;8.0308;264.8
1;1;1;1;0;1;1;0;0;1;0;1;1;0;1;1;0;0;7.3376;262.6
1;1;1;1;0;1;1;0;0;1;0;1;1;0;1;1;1;0;7.0838;262.6
1;1;1;1;0;1;1;0;0;1;0;1;1;0;1;1;1;1;7.2286;264.4
1;1;1;1;0;1;1;0;0;1;0;1;1;0;1;1;0;1;7.994;264.2
1;1;1;1;0;1;1;0;0;1;0;1;1;0;0;0;1;0;7.2076;262.6
1;1;1;1;0;1;1;0;0;1;0;1;1;0;0;0;1;1;7.1694;264.8
1;1;1;1;0;1;1;0;0;1;0;1;1;0;0;0;0;1;8.02;264.6
1;1;1;1;0;1;0;0;1;1;0;1;1;0;0;0;1;0;7.1232;262.4
1;1;1;1;0;1;0;0;1;1;0;1;1;0;0;0;1;1;7.1756;265.2
1;1;1;1;0;1;0;0;1;1;0;1;1;0;0;0;0;1;8.0016;265.2
1;1;1;0;1;1;0;0;1;1;0;1;1;0;0;0;0;0;14.1604;481.4
1;1;1;0;1;1;0;0;1;1;0;1;1;0;1;0;0;0;15.5094;481.2
1;1;1;0;1;1;0;0;1;1;0;1;1;0;1;0;1;0;13.7484;481.4
1;1;1;0;1;1;0;0;1;1;0;1;1;0;1;0;1;1;14.0938;485.4
1;1;1;0;1;1;0;0;1;1;0;1;1;0;1;0;0;1;14.3478;485.2
1;1;1;0;1;1;0;0;1;1;0;1;1;0;1;1;0;0;15.6022;480.8
1;1;1;0;1;1;0;0;1;1;0;1;1;0;1;1;1;0;14.0526;482
1;1;1;0;1;1;0;0;1;1;0;1;1;0;1;1;1;1;13.8754;484.2
1;1;1;0;1;1;0;0;1;1;0;1;1;0;1;1;0;1;14.3946;484.8
1;1;1;0;1;1;0;1;0;1;0;1;1;0;0;0;0;0;16.7556;516.8
1;1;1;0;1;1;0;1;0;1;0;1;1;0;1;0;0;0;15.2886;517.2
1;1;1;0;1;1;0;1;0;1;0;1;1;0;1;0;1;0;14.842;517.8
1;1;1;0;1;1;0;1;0;1;0;1;1;0;1;0;1;1;15.0814;519.6
1;1;1;0;1;1;0;1;0;1;0;1;1;0;1;0;0;1;16.8008;518.8
1;1;1;0;1;1;0;1;0;1;0;1;1;0;1;1;0;0;16.6532;517.2
1;1;1;0;1;1;0;1;0;1;0;1;1;0;1;1;1;0;14.851;517.8
1;1;1;0;1;1;0;1;0;1;0;1;1;0;1;1;1;1;15.1204;520.2
1;1;1;0;1;1;0;1;0;1;0;1;1;0;1;1;0;1;15.3512;519.4
1;1;1;0;1;1;0;1;0;1;0;1;1;0;0;0;1;0;15.1586;517.4
1;1;1;0;1;1;0;1;0;1;0;1;1;0;0;0;1;1;14.9918;519.2
1;1;1;0;1;1;0;1;0;1;0;1;1;0;0;0;0;1;15.4184;518.4
1;1;1;0;1;1;1;0;0;1;0;1;1;0;0;0;0;0;15.2846;517.6
1;1;1;0;1;1;1;0;0;1;0;1;1;0;1;0;0;0;16.6038;516.4
1;1;1;0;1;1;1;0;0;1;0;1;1;0;1;0;1;0;15.1042;518.2
1;1;1;0;1;1;1;0;0;1;0;1;1;0;1;0;1;1;14.892;519
1;1;1;0;1;1;1;0;0;1;0;1;1;0;1;0;0;1;15.3896;519.4
1;1;1;0;1;1;1;0;0;1;0;1;1;0;1;1;0;0;15.381;517.2
1;1;1;0;1;1;1;0;0;1;0;1;1;0;1;1;1;0;15.1314;518
1;1;1;0;1;1;1;0;0;1;0;1;1;0;1;1;1;1;14.95;519
1;1;1;0;1;1;1;0;0;1;0;1;1;0;1;1;0;1;16.783;518.6
1;1;1;0;1;1;1;0;0;1;0;1;1;0;0;0;1;0;14.8394;517.8
1;1;1;0;1;1;1;0;0;1;0;1;1;0;0;0;1;1;15.1334;519.4
1;1;1;0;1;1;1;0;0;1;0;1;1;0;0;0;0;1;16.743;519
1;1;1;0;1;1;0;0;1;1;0;1;1;0;0;0;1;0;13.732;481.8
1;1;1;0;1;1;0;0;1;1;0;1;1;0;0;0;1;1;14.0728;484.8
1;1;1;0;1;1;0;0;1;1;0;1;1;0;0;0;0;1;15.5712;483.8
1;1;0;0;0;1;0;0;1;1;0;1;1;0;1;0;0;0;7.267;262.2
1;1;0;0;0;1;0;0;1;1;0;1;1;0;1;0;1;0;7.0514;261.8
1;1;0;0;0;1;0;0;1;1;0;1;1;0;1;0;1;1;7.1576;264.6
1;1;0;0;0;1;0;0;1;1;0;1;1;0;1;0;0;1;7.9802;265.2
1;1;0;0;0;1;0;0;1;1;0;1;1;0;1;1;0;0;7.293;262
1;1;0;0;0;1;0;0;1;1;0;1;1;0;1;1;1;0;7.037;261.6
1;1;0;0;0;1;0;0;1;1;0;1;1;0;1;1;1;1;7.196;265.6
1;1;0;0;0;1;0;0;1;1;0;1;1;0;1;1;0;1;7.9718;265
1;1;0;0;0;1;0;1;0;1;0;1;1;0;0;0;0;0;7.9066;263
1;1;0;0;0;1;0;1;0;1;0;1;1;0;1;0;0;0;7.909;262.8
1;1;0;0;0;1;0;1;0;1;0;1;1;0;1;0;1;0;7.1142;263
1;1;0;0;0;1;0;1;0;1;0;1;1;0;1;0;1;1;7.1242;264.4
1;1;0;0;0;1;0;1;0;1;0;1;1;0;1;0;0;1;7.3244;264.4
1;1;0;0;0;1;0;1;0;1;0;1;1;0;1;1;0;0;7.2802;262.8
1;1;0;0;0;1;0;1;0;1;0;1;1;0;1;1;1;0;7.126;263.2
1;1;0;0;0;1;0;1;0;1;0;1;1;0;1;1;1;1;7.1316;264.4
1;1;0;0;0;1;0;1;0;1;0;1;1;0;1;1;0;1;7.9398;264.6
1;1;0;0;0;1;0;1;0;1;0;1;1;0;0;0;1;0;7.1462;263
1;1;0;0;0;1;0;1;0;1;0;1;1;0;0;0;1;1;7.1564;264.4
1;1;0;0;0;1;0;1;0;1;0;1;1;0;0;0;0;1;7.304;263.6
1;1;0;0;0;1;1;0;0;1;0;1;1;0;0;0;0;0;7.2782;262.6
1;1;0;0;0;1;1;0;0;1;0;1;1;0;1;0;0;0;7.2772;262.4
1;1;0;0;0;1;1;0;0;1;0;1;1;0;1;0;1;0;7.0988;262.6
1;1;0;0;0;1;1;0;0;1;0;1;1;0;1;0;1;1;7.1238;264.2
1;1;0;0;0;1;1;0;0;1;0;1;1;0;1;0;0;1;7.954;264.2
1;1;0;0;0;1;1;0;0;1;0;1;1;0;1;1;0;0;7.262;262.6
1;1;0;0;0;1;1;0;0;1;0;1;1;0;1;1;1;0;7.0544;262.4
1;1;0;0;0;1;1;0;0;1;0;1;1;0;1;1;1;1;7.1818;264.6
1;1;0;0;0;1;1;0;0;1;0;1;1;0;1;1;0;1;7.9658;263.8
1;1;0;0;0;1;1;0;0;1;0;1;1;0;0;0;1;0;7.0862;263
1;1;0;0;0;1;1;0;0;1;0;1;1;0;0;0;1;1;7.1384;264.6
1;1;0;0;0;1;1;0;0;1;0;1;1;0;0;0;0;1;7.9546;264.6
1;1;0;0;0;1;0;0;1;1;0;1;1;0;0;0;1;0;7.0408;262.2
1;1;0;0;0;1;0;0;1;1;0;1;1;0;0;0;1;1;7.1662;264.8
1;1;0;0;0;1;0;0;1;1;0;1;1;0;0;0;0;1;8.0282;265.2
1;0;0;0;0;1;0;0;1;1;0;1;1;0;1;0;0;0;7.2578;261.8
1;0;0;0;0;1;0;0;1;1;0;1;1;0;1;0;1;0;7.0766;262
1;0;0;0;0;1;0;0;1;1;0;1;1;0;1;0;1;1;7.1722;265.2
1;0;0;0;0;1;0;0;1;1;0;1;1;0;1;0;0;1;7.9726;265.2
1;0;0;0;0;1;0;0;1;1;0;1;1;0;1;1;0;0;7.2864;262.2
1;0;0;0;0;1;0;0;1;1;0;1;1;0;1;1;1;0;7.1164;262.6
1;0;0;0;0;1;0;0;1;1;0;1;1;0;1;1;1;1;7.1728;265.2
1;0;0;0;0;1;0;0;1;1;0;1;1;0;1;1;0;1;7.9848;264.6
1;0;0;0;0;1;0;1;0;1;0;1;1;0;0;0;0;0;7.2564;262.6
1;0;0;0;0;1;0;1;0;1;0;1;1;0;1;0;0;0;7.8756;262.8
1;0;0;0;0;1;0;1;0;1;0;1;1;0;1;0;1;0;7.095;262.6
1;0;0;0;0;1;0;1;0;1;0;1;1;0;1;0;1;1;7.1068;264.6
1;0;0;0;0;1;0;1;0;1;0;1;1;0;1;0;0;1;7.3252;264.2
1;0;0;0;0;1;0;1;0;1;0;1;1;0;1;1;0;0;7.2924;262.8
1;0;0;0;0;1;0;1;0;1;0;1;1;0;1;1;1;0;7.145;263
1;0;0;0;0;1;0;1;0;1;0;1;1;0;1;1;1;1;7.1342;264.4
1;0;0;0;0;1;0;1;0;1;0;1;1;0;1;1;0;1;7.9306;264.6
1;0;0;0;0;1;0;1;0;1;0;1;1;0;0;0;1;0;7.0864;263
1;0;0;0;0;1;0;1;0;1;0;1;1;0;0;0;1;1;7.1338;264.4
1;0;0;0;0;1;0;1;0;1;0;1;1;0;0;0;0;1;7.9504;264.6
1;0;0;0;0;1;1;0;0;1;0;1;1;0;0;0;0;0;7.2876;262.4
1;0;0;0;0;1;1;0;0;1;0;1;1;0;1;0;0;0;7.8742;262.6
1;0;0;0;0;1;1;0;0;1;0;1;1;0;1;0;1;0;7.0854;262.6
1;0;0;0;0;1;1;0;0;1;0;1;1;0;1;0;1;1;7.106;264.6
1;0;0;0;0;1;1;0;0;1;0;1;1;0;1;0;0;1;7.3242;264.2
1;0;0;0;0;1;1;0;0;1;0;1;1;0;1;1;0;0;7.2992;262.8
1;0;0;0;0;1;1;0;0;1;0;1;1;0;1;1;1;0;7.1132;262.8
1;0;0;0;0;1;1;0;0;1;0;1;1;0;1;1;1;1;7.1446;264
1;0;0;0;0;1;1;0;0;1;0;1;1;0;1;1;0;1;7.942;264.4
1;0;0;0;0;1;1;0;0;1;0;1;1;0;0;0;1;0;7.088;262.8
1;0;0;0;0;1;1;0;0;1;0;1;1;0;0;0;1;1;7.0942;264.4
1;0;0;0;0;1;1;0;0;1;0;1;1;0;0;0;0;1;7.9944;264.4
1;0;0;0;0;1;0;0;1;1;0;1;1;0;0;0;1;0;7.1068;262.2
1;0;0;0;0;1;0;0;1;1;0;1;1;0;0;0;1;1;7.147;264.8
1;0;0;0;0;1;0;0;1;1;0;1;1;0;0;0;0;1;7.9676;264.6
1;0;0;0;0;1;0;0;1;1;1;0;0;0;0;0;0;1;6.6884;249.4
