root;WindowSize;CompressionLevel;performance;energy;revision
1;10;0;1.662000;83.800000;0.3.0
1;11;0;1.526000;136.200000;0.3.0
1;12;0;1.528000;132.600000;0.3.0
1;13;0;1.514000;142.600000;0.3.0
1;14;0;1.472000;149.200000;0.3.0
1;15;0;1.534000;147.800000;0.3.0
1;16;0;1.590000;162.400000;0.3.0
1;17;0;1.606000;152.000000;0.3.0
1;18;0;1.628000;139.800000;0.3.0
1;19;0;1.614000;153.400000;0.3.0
1;20;0;1.630000;131.200000;0.3.0
1;21;0;1.604000;142.800000;0.3.0
1;22;0;1.596000;151.200000;0.3.0
1;23;0;1.556000;132.800000;0.3.0
1;24;0;1.574000;143.000000;0.3.0
1;10;1;1.666000;149.800000;0.3.0
1;11;1;1.526000;154.600000;0.3.0
1;12;1;1.542000;142.600000;0.3.0
1;13;1;1.514000;139.000000;0.3.0
1;14;1;1.460000;150.000000;0.3.0
1;15;1;1.520000;148.600000;0.3.0
1;16;1;1.598000;136.800000;0.3.0
1;17;1;1.612000;152.200000;0.3.0
1;18;1;1.630000;139.000000;0.3.0
1;19;1;1.604000;151.400000;0.3.0
1;20;1;1.636000;162.000000;0.3.0
1;21;1;1.598000;140.200000;0.3.0
1;22;1;1.586000;162.600000;0.3.0
1;23;1;1.572000;148.400000;0.3.0
1;24;1;1.570000;136.600000;0.3.0
1;10;2;2.146000;188.600000;0.3.0
1;11;2;1.998000;183.200000;0.3.0
1;12;2;1.988000;131.600000;0.3.0
1;13;2;1.942000;149.800000;0.3.0
1;14;2;1.900000;165.600000;0.3.0
1;15;2;1.972000;154.000000;0.3.0
1;16;2;2.026000;184.800000;0.3.0
1;17;2;2.102000;199.600000;0.3.0
1;18;2;2.094000;186.200000;0.3.0
1;19;2;2.100000;190.200000;0.3.0
1;20;2;2.088000;176.400000;0.3.0
1;21;2;2.060000;197.600000;0.3.0
1;22;2;2.050000;205.400000;0.3.0
1;23;2;2.032000;195.200000;0.3.0
1;24;2;2.040000;168.000000;0.3.0
1;10;3;2.616000;217.400000;0.3.0
1;11;3;2.476000;188.600000;0.3.0
1;12;3;2.426000;189.400000;0.3.0
1;13;3;2.370000;191.600000;0.3.0
1;14;3;2.302000;173.800000;0.3.0
1;15;3;2.392000;204.200000;0.3.0
1;16;3;2.508000;171.800000;0.3.0
1;17;3;2.564000;188.200000;0.3.0
1;18;3;2.562000;174.600000;0.3.0
1;19;3;2.552000;201.600000;0.3.0
1;20;3;2.546000;163.000000;0.3.0
1;21;3;2.512000;174.200000;0.3.0
1;22;3;2.500000;201.600000;0.3.0
1;23;3;2.478000;187.600000;0.3.0
1;24;3;2.478000;164.600000;0.3.0
1;10;4;3.020000;207.400000;0.3.0
1;11;4;3.040000;210.600000;0.3.0
1;12;4;3.004000;225.600000;0.3.0
1;13;4;2.972000;231.000000;0.3.0
1;14;4;2.894000;236.800000;0.3.0
1;15;4;2.834000;203.600000;0.3.0
1;16;4;2.770000;177.400000;0.3.0
1;17;4;2.848000;205.800000;0.3.0
1;18;4;2.824000;203.400000;0.3.0
1;19;4;2.800000;199.800000;0.3.0
1;20;4;2.808000;222.400000;0.3.0
1;21;4;2.768000;187.800000;0.3.0
1;22;4;2.748000;199.400000;0.3.0
1;23;4;2.726000;194.400000;0.3.0
1;24;4;2.708000;210.400000;0.3.0
1;10;5;3.306000;252.000000;0.3.0
1;11;5;3.490000;244.200000;0.3.0
1;12;5;3.746000;240.000000;0.3.0
1;13;5;4.128000;286.200000;0.3.0
1;14;5;4.678000;293.200000;0.3.0
1;15;5;5.072000;303.600000;0.3.0
1;16;5;5.392000;337.200000;0.3.0
1;17;5;5.886000;377.800000;0.3.0
1;18;5;6.714000;368.400000;0.3.0
1;19;5;7.372000;397.000000;0.3.0
1;20;5;7.450000;432.400000;0.3.0
1;21;5;7.272000;393.400000;0.3.0
1;22;5;7.198000;375.800000;0.3.0
1;23;5;7.178000;417.800000;0.3.0
1;24;5;7.154000;403.200000;0.3.0
1;10;6;3.386000;224.200000;0.3.0
1;11;6;3.570000;251.000000;0.3.0
1;12;6;3.846000;241.600000;0.3.0
1;13;6;4.300000;275.600000;0.3.0
1;14;6;4.874000;306.800000;0.3.0
1;15;6;5.306000;309.600000;0.3.0
1;16;6;5.770000;306.600000;0.3.0
1;17;6;6.340000;377.600000;0.3.0
1;18;6;7.510000;406.000000;0.3.0
1;19;6;9.336000;489.000000;0.3.0
1;20;6;10.658000;554.000000;0.3.0
1;21;6;10.460000;525.800000;0.3.0
1;22;6;10.266000;560.200000;0.3.0
1;23;6;10.220000;534.600000;0.3.0
1;24;6;10.176000;532.200000;0.3.0
1;10;7;4.874000;299.400000;0.3.0
1;11;7;5.078000;311.600000;0.3.0
1;12;7;5.266000;310.800000;0.3.0
1;13;7;5.554000;347.600000;0.3.0
1;14;7;5.896000;353.600000;0.3.0
1;15;7;6.390000;393.600000;0.3.0
1;16;7;6.998000;385.800000;0.3.0
1;17;7;7.636000;428.200000;0.3.0
1;18;7;8.628000;473.800000;0.3.0
1;19;7;10.050000;511.000000;0.3.0
1;20;7;12.338000;633.800000;0.3.0
1;21;7;15.806000;779.800000;0.3.0
1;22;7;19.626000;922.600000;0.3.0
1;23;7;20.474000;946.200000;0.3.0
1;24;7;20.228000;956.200000;0.3.0
1;10;8;5.046000;290.800000;0.3.0
1;11;8;5.042000;302.800000;0.3.0
1;12;8;5.318000;306.600000;0.3.0
1;13;8;5.620000;355.000000;0.3.0
1;14;8;6.086000;343.200000;0.3.0
1;15;8;6.738000;367.600000;0.3.0
1;16;8;7.548000;434.400000;0.3.0
1;17;8;8.454000;457.600000;0.3.0
1;18;8;9.684000;508.200000;0.3.0
1;19;8;11.508000;575.800000;0.3.0
1;20;8;14.640000;743.800000;0.3.0
1;21;8;18.874000;880.200000;0.3.0
1;22;8;25.432000;1194.600000;0.3.0
1;23;8;37.284000;1660.000000;0.3.0
1;24;8;38.644000;1715.200000;0.3.0
1;10;9;6.246000;338.400000;0.3.0
1;11;9;6.286000;350.000000;0.3.0
1;12;9;6.470000;374.400000;0.3.0
1;13;9;6.862000;375.600000;0.3.0
1;14;9;7.404000;400.400000;0.3.0
1;15;9;8.084000;433.800000;0.3.0
1;16;9;9.094000;495.000000;0.3.0
1;17;9;10.152000;536.200000;0.3.0
1;18;9;11.954000;590.400000;0.3.0
1;19;9;14.048000;723.600000;0.3.0
1;20;9;17.400000;815.600000;0.3.0
1;21;9;23.614000;1075.400000;0.3.0
1;22;9;34.292000;1573.200000;0.3.0
1;23;9;63.680000;2708.400000;0.3.0
1;24;9;108.602000;4489.600000;0.3.0
1;10;10;363.364000;14721.000000;0.3.0
1;11;10;343.594000;13940.400000;0.3.0
1;12;10;328.816000;13440.000000;0.3.0
1;13;10;313.652000;12666.600000;0.3.0
1;14;10;301.488000;12264.400000;0.3.0
1;15;10;291.618000;11881.200000;0.3.0
1;16;10;285.000000;11701.800000;0.3.0
1;17;10;307.144000;12623.400000;0.3.0
1;18;10;279.698000;11597.000000;0.3.0
1;19;10;258.558000;10766.400000;0.3.0
1;20;10;246.512000;10471.000000;0.3.0
1;21;10;244.734000;10273.600000;0.3.0
1;22;10;256.210000;10773.800000;0.3.0
1;23;10;318.954000;13142.000000;0.3.0
1;24;10;392.744000;16195.000000;0.3.0
1;10;11;363.346000;14694.400000;0.3.0
1;11;11;343.996000;13951.400000;0.3.0
1;12;11;328.552000;13310.400000;0.3.0
1;13;11;315.078000;12778.400000;0.3.0
1;14;11;301.078000;12310.000000;0.3.0
1;15;11;292.192000;11892.400000;0.3.0
1;16;11;284.296000;11579.800000;0.3.0
1;17;11;307.420000;12597.400000;0.3.0
1;18;11;279.692000;11671.800000;0.3.0
1;19;11;258.502000;10799.200000;0.3.0
1;20;11;246.080000;10327.000000;0.3.0
1;21;11;244.720000;10301.200000;0.3.0
1;22;11;259.594000;10838.200000;0.3.0
1;23;11;315.238000;13019.400000;0.3.0
1;24;11;394.158000;16073.000000;0.3.0
1;10;0;3.102000;202.800000;0.4.0
1;11;0;2.044000;183.400000;0.4.0
1;12;0;1.422000;131.200000;0.4.0
1;13;0;1.096000;146.600000;0.4.0
1;14;0;0.958000;79.600000;0.4.0
1;15;0;0.802000;78.000000;0.4.0
1;16;0;0.782000;79.600000;0.4.0
1;17;0;0.772000;79.200000;0.4.0
1;18;0;0.776000;78.800000;0.4.0
1;19;0;0.780000;78.800000;0.4.0
1;20;0;0.794000;136.000000;0.4.0
1;21;0;0.802000;132.200000;0.4.0
1;22;0;0.802000;144.400000;0.4.0
1;23;0;0.796000;139.600000;0.4.0
1;24;0;0.790000;107.000000;0.4.0
1;10;1;2.552000;179.000000;0.4.0
1;11;1;1.740000;124.200000;0.4.0
1;12;1;1.284000;101.200000;0.4.0
1;13;1;1.016000;71.200000;0.4.0
1;14;1;0.908000;98.400000;0.4.0
1;15;1;0.858000;113.000000;0.4.0
1;16;1;0.906000;106.400000;0.4.0
1;17;1;0.960000;93.600000;0.4.0
1;18;1;1.000000;110.000000;0.4.0
1;19;1;1.040000;101.200000;0.4.0
1;20;1;1.058000;110.800000;0.4.0
1;21;1;1.072000;86.000000;0.4.0
1;22;1;1.106000;136.000000;0.4.0
1;23;1;1.116000;112.200000;0.4.0
1;24;1;1.106000;90.400000;0.4.0
1;10;2;1.524000;49.400000;0.4.0
1;11;2;1.546000;81.600000;0.4.0
1;12;2;1.548000;124.400000;0.4.0
1;13;2;1.534000;121.800000;0.4.0
1;14;2;1.514000;117.200000;0.4.0
1;15;2;1.556000;100.400000;0.4.0
1;16;2;1.510000;132.800000;0.4.0
1;17;2;1.544000;122.800000;0.4.0
1;18;2;1.548000;131.600000;0.4.0
1;19;2;1.548000;107.000000;0.4.0
1;20;2;1.560000;148.200000;0.4.0
1;21;2;1.538000;143.400000;0.4.0
1;22;2;1.528000;81.400000;0.4.0
1;23;2;1.502000;111.400000;0.4.0
1;24;2;1.514000;63.000000;0.4.0
1;10;3;2.098000;90.400000;0.4.0
1;11;3;2.142000;87.600000;0.4.0
1;12;3;2.140000;104.400000;0.4.0
1;13;3;2.104000;113.600000;0.4.0
1;14;3;2.036000;118.000000;0.4.0
1;15;3;2.124000;116.400000;0.4.0
1;16;3;2.020000;91.800000;0.4.0
1;17;3;2.082000;136.200000;0.4.0
1;18;3;2.088000;156.400000;0.4.0
1;19;3;2.084000;123.200000;0.4.0
1;20;3;2.100000;163.400000;0.4.0
1;21;3;2.044000;147.200000;0.4.0
1;22;3;2.032000;149.400000;0.4.0
1;23;3;2.024000;138.400000;0.4.0
1;24;3;2.024000;121.800000;0.4.0
1;10;4;3.038000;159.000000;0.4.0
1;11;4;3.072000;125.400000;0.4.0
1;12;4;3.044000;139.200000;0.4.0
1;13;4;2.996000;166.800000;0.4.0
1;14;4;2.934000;151.600000;0.4.0
1;15;4;2.858000;126.200000;0.4.0
1;16;4;2.812000;118.400000;0.4.0
1;17;4;2.822000;123.600000;0.4.0
1;18;4;2.810000;182.400000;0.4.0
1;19;4;2.804000;188.000000;0.4.0
1;20;4;2.786000;189.800000;0.4.0
1;21;4;2.714000;147.800000;0.4.0
1;22;4;2.680000;163.600000;0.4.0
1;23;4;2.690000;194.800000;0.4.0
1;24;4;2.676000;188.600000;0.4.0
1;10;5;3.476000;228.200000;0.4.0
1;11;5;3.678000;231.200000;0.4.0
1;12;5;3.896000;208.600000;0.4.0
1;13;5;4.280000;194.200000;0.4.0
1;14;5;4.814000;204.400000;0.4.0
1;15;5;5.132000;240.800000;0.4.0
1;16;5;5.516000;260.000000;0.4.0
1;17;5;5.870000;281.600000;0.4.0
1;18;5;6.722000;303.800000;0.4.0
1;19;5;7.380000;368.600000;0.4.0
1;20;5;7.408000;365.200000;0.4.0
1;21;5;7.254000;374.000000;0.4.0
1;22;5;7.186000;329.200000;0.4.0
1;23;5;7.158000;376.000000;0.4.0
1;24;5;7.142000;374.000000;0.4.0
1;10;6;3.528000;203.200000;0.4.0
1;11;6;3.736000;224.400000;0.4.0
1;12;6;3.994000;225.600000;0.4.0
1;13;6;4.412000;238.600000;0.4.0
1;14;6;5.010000;249.600000;0.4.0
1;15;6;5.412000;249.000000;0.4.0
1;16;6;5.840000;270.400000;0.4.0
1;17;6;6.340000;300.400000;0.4.0
1;18;6;7.454000;339.200000;0.4.0
1;19;6;9.158000;449.000000;0.4.0
1;20;6;10.416000;483.200000;0.4.0
1;21;6;10.300000;480.600000;0.4.0
1;22;6;10.158000;447.800000;0.4.0
1;23;6;10.090000;464.000000;0.4.0
1;24;6;10.052000;441.800000;0.4.0
1;10;7;5.088000;273.000000;0.4.0
1;11;7;5.228000;270.600000;0.4.0
1;12;7;5.352000;266.000000;0.4.0
1;13;7;5.650000;306.400000;0.4.0
1;14;7;5.940000;268.600000;0.4.0
1;15;7;6.412000;293.800000;0.4.0
1;16;7;6.952000;345.800000;0.4.0
1;17;7;7.462000;317.000000;0.4.0
1;18;7;8.378000;342.600000;0.4.0
1;19;7;9.824000;449.200000;0.4.0
1;20;7;12.164000;543.200000;0.4.0
1;21;7;15.554000;720.600000;0.4.0
1;22;7;19.350000;858.600000;0.4.0
1;23;7;20.356000;900.800000;0.4.0
1;24;7;20.068000;902.000000;0.4.0
1;10;8;5.044000;264.200000;0.4.0
1;11;8;5.200000;290.400000;0.4.0
1;12;8;5.426000;257.400000;0.4.0
1;13;8;5.718000;247.800000;0.4.0
1;14;8;6.154000;254.400000;0.4.0
1;15;8;6.734000;276.200000;0.4.0
1;16;8;7.512000;346.400000;0.4.0
1;17;8;8.260000;341.600000;0.4.0
1;18;8;9.472000;446.800000;0.4.0
1;19;8;11.370000;518.000000;0.4.0
1;20;8;14.150000;651.000000;0.4.0
1;21;8;18.496000;807.400000;0.4.0
1;22;8;24.882000;1090.200000;0.4.0
1;23;8;37.480000;1654.000000;0.4.0
1;24;8;37.966000;1601.600000;0.4.0
1;10;9;6.358000;277.000000;0.4.0
1;11;9;6.364000;286.200000;0.4.0
1;12;9;6.516000;312.400000;0.4.0
1;13;9;6.888000;341.600000;0.4.0
1;14;9;7.342000;349.000000;0.4.0
1;15;9;8.090000;406.600000;0.4.0
1;16;9;8.976000;463.000000;0.4.0
1;17;9;10.160000;465.000000;0.4.0
1;18;9;11.792000;532.000000;0.4.0
1;19;9;14.022000;673.200000;0.4.0
1;20;9;17.562000;782.800000;0.4.0
1;21;9;23.270000;1020.200000;0.4.0
1;22;9;30.516000;1307.000000;0.4.0
1;23;9;61.204000;2470.000000;0.4.0
1;24;9;109.186000;4378.200000;0.4.0
1;10;10;274.288000;11046.400000;0.4.0
1;11;10;257.572000;10344.200000;0.4.0
1;12;10;240.250000;9642.400000;0.4.0
1;13;10;230.024000;9321.200000;0.4.0
1;14;10;217.782000;8773.800000;0.4.0
1;15;10;208.000000;8429.400000;0.4.0
1;16;10;198.980000;8061.200000;0.4.0
1;17;10;235.184000;9515.800000;0.4.0
1;18;10;257.368000;10386.200000;0.4.0
1;19;10;227.756000;9332.400000;0.4.0
1;20;10;216.338000;8762.000000;0.4.0
1;21;10;202.982000;8201.200000;0.4.0
1;22;10;201.688000;8132.200000;0.4.0
1;23;10;202.458000;8259.200000;0.4.0
1;24;10;212.040000;8510.800000;0.4.0
1;10;11;305.570000;12271.800000;0.4.0
1;11;11;288.496000;11918.600000;0.4.0
1;12;11;273.476000;11110.200000;0.4.0
1;13;11;260.348000;10465.000000;0.4.0
1;14;11;251.106000;10165.400000;0.4.0
1;15;11;241.422000;9863.200000;0.4.0
1;16;11;234.052000;9460.200000;0.4.0
1;17;11;267.006000;10739.600000;0.4.0
1;18;11;289.410000;11796.200000;0.4.0
1;19;11;262.980000;10714.800000;0.4.0
1;20;11;245.696000;9973.200000;0.4.0
1;21;11;239.574000;9757.400000;0.4.0
1;22;11;242.290000;9879.400000;0.4.0
1;23;11;247.654000;10005.600000;0.4.0
1;24;11;257.702000;10414.000000;0.4.0
1;10;0;2.924000;203.200000;0.5.2
1;11;0;1.908000;136.200000;0.5.2
1;12;0;1.350000;139.000000;0.5.2
1;13;0;1.054000;114.000000;0.5.2
1;14;0;0.926000;93.600000;0.5.2
1;15;0;0.776000;93.200000;0.5.2
1;16;0;0.772000;94.800000;0.5.2
1;17;0;0.764000;101.400000;0.5.2
1;18;0;0.780000;73.200000;0.5.2
1;19;0;0.768000;97.800000;0.5.2
1;20;0;0.758000;79.200000;0.5.2
1;21;0;0.754000;110.200000;0.5.2
1;22;0;0.780000;98.400000;0.5.2
1;23;0;0.780000;75.600000;0.5.2
1;24;0;0.754000;111.800000;0.5.2
1;10;1;2.378000;162.600000;0.5.2
1;11;1;1.636000;127.000000;0.5.2
1;12;1;1.218000;138.000000;0.5.2
1;13;1;0.974000;88.600000;0.5.2
1;14;1;0.880000;90.400000;0.5.2
1;15;1;0.862000;113.000000;0.5.2
1;16;1;0.884000;82.200000;0.5.2
1;17;1;0.856000;97.200000;0.5.2
1;18;1;0.860000;81.800000;0.5.2
1;19;1;0.896000;86.600000;0.5.2
1;20;1;0.878000;94.000000;0.5.2
1;21;1;0.862000;90.200000;0.5.2
1;22;1;0.896000;98.000000;0.5.2
1;23;1;0.896000;90.200000;0.5.2
1;24;1;0.880000;83.200000;0.5.2
1;10;2;1.488000;160.000000;0.5.2
1;11;2;1.518000;158.200000;0.5.2
1;12;2;1.516000;128.400000;0.5.2
1;13;2;1.496000;150.400000;0.5.2
1;14;2;1.478000;147.800000;0.5.2
1;15;2;1.530000;147.200000;0.5.2
1;16;2;1.490000;138.600000;0.5.2
1;17;2;1.504000;125.200000;0.5.2
1;18;2;1.526000;149.600000;0.5.2
1;19;2;1.506000;147.000000;0.5.2
1;20;2;1.514000;137.600000;0.5.2
1;21;2;1.498000;140.200000;0.5.2
1;22;2;1.492000;152.000000;0.5.2
1;23;2;1.494000;157.400000;0.5.2
1;24;2;1.496000;148.200000;0.5.2
1;10;3;1.998000;173.800000;0.5.2
1;11;3;2.026000;170.800000;0.5.2
1;12;3;2.018000;202.600000;0.5.2
1;13;3;1.982000;164.400000;0.5.2
1;14;3;1.948000;179.200000;0.5.2
1;15;3;2.020000;177.000000;0.5.2
1;16;3;1.950000;179.800000;0.5.2
1;17;3;2.010000;205.400000;0.5.2
1;18;3;2.004000;191.600000;0.5.2
1;19;3;2.008000;204.200000;0.5.2
1;20;3;2.008000;208.000000;0.5.2
1;21;3;1.986000;159.600000;0.5.2
1;22;3;1.958000;152.200000;0.5.2
1;23;3;1.958000;157.200000;0.5.2
1;24;3;1.958000;173.000000;0.5.2
1;10;4;3.032000;255.600000;0.5.2
1;11;4;3.044000;244.800000;0.5.2
1;12;4;3.014000;209.400000;0.5.2
1;13;4;2.964000;236.600000;0.5.2
1;14;4;2.890000;209.200000;0.5.2
1;15;4;2.824000;216.200000;0.5.2
1;16;4;2.746000;184.800000;0.5.2
1;17;4;2.752000;206.200000;0.5.2
1;18;4;2.730000;208.800000;0.5.2
1;19;4;2.704000;211.400000;0.5.2
1;20;4;2.682000;180.600000;0.5.2
1;21;4;2.636000;164.000000;0.5.2
1;22;4;2.584000;200.400000;0.5.2
1;23;4;2.606000;178.800000;0.5.2
1;24;4;2.616000;205.400000;0.5.2
1;10;5;2.986000;225.600000;0.5.2
1;11;5;3.118000;216.600000;0.5.2
1;12;5;3.258000;219.400000;0.5.2
1;13;5;3.464000;203.200000;0.5.2
1;14;5;3.816000;234.400000;0.5.2
1;15;5;4.390000;262.600000;0.5.2
1;16;5;5.266000;298.600000;0.5.2
1;17;5;5.694000;318.600000;0.5.2
1;18;5;6.466000;375.200000;0.5.2
1;19;5;7.094000;399.200000;0.5.2
1;20;5;7.138000;410.200000;0.5.2
1;21;5;7.036000;384.800000;0.5.2
1;22;5;6.988000;390.600000;0.5.2
1;23;5;6.944000;388.400000;0.5.2
1;24;5;6.902000;379.000000;0.5.2
1;10;6;3.042000;217.400000;0.5.2
1;11;6;3.154000;232.600000;0.5.2
1;12;6;3.364000;229.200000;0.5.2
1;13;6;3.606000;243.000000;0.5.2
1;14;6;4.040000;242.800000;0.5.2
1;15;6;4.802000;299.400000;0.5.2
1;16;6;5.894000;348.600000;0.5.2
1;17;6;6.136000;381.000000;0.5.2
1;18;6;7.108000;398.800000;0.5.2
1;19;6;8.706000;440.800000;0.5.2
1;20;6;9.926000;507.600000;0.5.2
1;21;6;9.770000;493.800000;0.5.2
1;22;6;9.666000;526.200000;0.5.2
1;23;6;9.594000;510.000000;0.5.2
1;24;6;9.558000;505.800000;0.5.2
1;10;7;3.736000;274.000000;0.5.2
1;11;7;3.916000;254.000000;0.5.2
1;12;7;4.132000;247.200000;0.5.2
1;13;7;4.490000;307.200000;0.5.2
1;14;7;5.024000;317.200000;0.5.2
1;15;7;6.014000;351.600000;0.5.2
1;16;7;7.586000;406.400000;0.5.2
1;17;7;7.596000;399.200000;0.5.2
1;18;7;8.332000;460.200000;0.5.2
1;19;7;9.680000;507.800000;0.5.2
1;20;7;11.988000;613.200000;0.5.2
1;21;7;15.212000;759.000000;0.5.2
1;22;7;18.810000;901.000000;0.5.2
1;23;7;19.596000;961.400000;0.5.2
1;24;7;19.590000;939.800000;0.5.2
1;10;8;3.734000;236.800000;0.5.2
1;11;8;3.932000;245.200000;0.5.2
1;12;8;4.280000;279.200000;0.5.2
1;13;8;4.696000;308.400000;0.5.2
1;14;8;5.392000;331.600000;0.5.2
1;15;8;6.612000;362.000000;0.5.2
1;16;8;8.620000;474.200000;0.5.2
1;17;8;8.364000;460.200000;0.5.2
1;18;8;9.456000;505.800000;0.5.2
1;19;8;11.308000;583.400000;0.5.2
1;20;8;13.984000;700.800000;0.5.2
1;21;8;18.032000;869.600000;0.5.2
1;22;8;24.456000;1174.200000;0.5.2
1;23;8;35.244000;1582.600000;0.5.2
1;24;8;36.508000;1678.200000;0.5.2
1;10;9;4.786000;271.400000;0.5.2
1;11;9;4.802000;317.200000;0.5.2
1;12;9;5.112000;345.800000;0.5.2
1;13;9;5.650000;336.200000;0.5.2
1;14;9;6.332000;355.400000;0.5.2
1;15;9;7.420000;446.600000;0.5.2
1;16;9;8.860000;458.800000;0.5.2
1;17;9;9.956000;539.200000;0.5.2
1;18;9;11.354000;570.400000;0.5.2
1;19;9;13.636000;679.600000;0.5.2
1;20;9;16.630000;823.000000;0.5.2
1;21;9;22.558000;1104.400000;0.5.2
1;22;9;29.720000;1398.200000;0.5.2
1;23;9;58.178000;2524.600000;0.5.2
1;24;9;98.636000;4249.200000;0.5.2
1;10;10;128.052000;5449.800000;0.5.2
1;11;10;121.122000;5092.600000;0.5.2
1;12;10;115.114000;4861.400000;0.5.2
1;13;10;109.840000;4671.800000;0.5.2
1;14;10;106.108000;4451.800000;0.5.2
1;15;10;102.042000;4299.200000;0.5.2
1;16;10;99.666000;4205.800000;0.5.2
1;17;10;115.704000;4944.000000;0.5.2
1;18;10;109.844000;4715.400000;0.5.2
1;19;10;101.536000;4376.600000;0.5.2
1;20;10;102.592000;4393.000000;0.5.2
1;21;10;106.916000;4568.800000;0.5.2
1;22;10;115.624000;4881.400000;0.5.2
1;23;10;124.992000;5260.000000;0.5.2
1;24;10;136.858000;5744.400000;0.5.2
1;10;11;314.438000;13192.400000;0.5.2
1;11;11;299.232000;12441.400000;0.5.2
1;12;11;283.376000;11739.800000;0.5.2
1;13;11;269.508000;11097.800000;0.5.2
1;14;11;260.982000;10792.600000;0.5.2
1;15;11;252.216000;10393.800000;0.5.2
1;16;11;244.304000;10178.800000;0.5.2
1;17;11;274.674000;11373.400000;0.5.2
1;18;11;298.376000;12483.000000;0.5.2
1;19;11;272.440000;11364.000000;0.5.2
1;20;11;253.918000;10319.400000;0.5.2
1;21;11;249.168000;10188.400000;0.5.2
1;22;11;253.666000;10299.800000;0.5.2
1;23;11;256.822000;10439.400000;0.5.2
1;24;11;269.680000;10925.600000;0.5.2
1;10;0;2.886000;195.600000;0.6.0
1;11;0;1.840000;157.000000;0.6.0
1;12;0;1.344000;151.200000;0.6.0
1;13;0;1.032000;81.400000;0.6.0
1;14;0;0.924000;80.600000;0.6.0
1;15;0;0.760000;81.600000;0.6.0
1;16;0;0.754000;81.000000;0.6.0
1;17;0;0.746000;80.800000;0.6.0
1;18;0;0.740000;80.400000;0.6.0
1;19;0;0.738000;81.000000;0.6.0
1;20;0;0.734000;80.200000;0.6.0
1;21;0;0.732000;80.800000;0.6.0
1;22;0;0.740000;80.800000;0.6.0
1;23;0;0.746000;81.400000;0.6.0
1;24;0;0.738000;80.800000;0.6.0
1;10;1;2.350000;186.200000;0.6.0
1;11;1;1.598000;144.800000;0.6.0
1;12;1;1.198000;137.200000;0.6.0
1;13;1;0.960000;79.200000;0.6.0
1;14;1;0.844000;80.800000;0.6.0
1;15;1;0.814000;80.000000;0.6.0
1;16;1;0.846000;81.200000;0.6.0
1;17;1;0.820000;81.000000;0.6.0
1;18;1;0.842000;81.400000;0.6.0
1;19;1;0.826000;80.800000;0.6.0
1;20;1;0.822000;81.200000;0.6.0
1;21;1;0.842000;81.000000;0.6.0
1;22;1;0.820000;81.400000;0.6.0
1;23;1;0.826000;80.800000;0.6.0
1;24;1;0.858000;81.200000;0.6.0
1;10;2;1.466000;116.600000;0.6.0
1;11;2;1.480000;142.200000;0.6.0
1;12;2;1.474000;129.400000;0.6.0
1;13;2;1.474000;156.800000;0.6.0
1;14;2;1.456000;149.400000;0.6.0
1;15;2;1.494000;158.000000;0.6.0
1;16;2;1.462000;149.800000;0.6.0
1;17;2;1.496000;141.600000;0.6.0
1;18;2;1.492000;148.000000;0.6.0
1;19;2;1.504000;140.200000;0.6.0
1;20;2;1.506000;119.000000;0.6.0
1;21;2;1.492000;160.600000;0.6.0
1;22;2;1.488000;129.600000;0.6.0
1;23;2;1.486000;145.800000;0.6.0
1;24;2;1.458000;147.000000;0.6.0
1;10;3;2.030000;195.200000;0.6.0
1;11;3;2.056000;202.200000;0.6.0
1;12;3;2.058000;203.800000;0.6.0
1;13;3;2.004000;169.600000;0.6.0
1;14;3;2.000000;163.600000;0.6.0
1;15;3;2.044000;199.200000;0.6.0
1;16;3;1.974000;145.000000;0.6.0
1;17;3;2.028000;164.600000;0.6.0
1;18;3;2.036000;207.200000;0.6.0
1;19;3;2.028000;190.800000;0.6.0
1;20;3;2.020000;171.200000;0.6.0
1;21;3;1.980000;197.600000;0.6.0
1;22;3;1.990000;128.200000;0.6.0
1;23;3;1.968000;155.200000;0.6.0
1;24;3;1.972000;189.200000;0.6.0
1;10;4;3.024000;258.800000;0.6.0
1;11;4;3.042000;204.000000;0.6.0
1;12;4;3.018000;219.800000;0.6.0
1;13;4;2.958000;244.400000;0.6.0
1;14;4;2.892000;200.800000;0.6.0
1;15;4;2.800000;215.000000;0.6.0
1;16;4;2.732000;202.600000;0.6.0
1;17;4;2.776000;188.800000;0.6.0
1;18;4;2.750000;209.400000;0.6.0
1;19;4;2.726000;208.000000;0.6.0
1;20;4;2.720000;216.800000;0.6.0
1;21;4;2.712000;222.600000;0.6.0
1;22;4;2.644000;218.800000;0.6.0
1;23;4;2.632000;206.000000;0.6.0
1;24;4;2.626000;199.600000;0.6.0
1;10;5;2.790000;188.200000;0.6.0
1;11;5;2.886000;240.800000;0.6.0
1;12;5;3.040000;213.200000;0.6.0
1;13;5;3.298000;247.800000;0.6.0
1;14;5;3.640000;233.000000;0.6.0
1;15;5;4.232000;283.000000;0.6.0
1;16;5;5.086000;336.200000;0.6.0
1;17;5;5.576000;355.000000;0.6.0
1;18;5;6.340000;352.200000;0.6.0
1;19;5;6.988000;402.000000;0.6.0
1;20;5;7.002000;401.400000;0.6.0
1;21;5;6.916000;410.400000;0.6.0
1;22;5;6.840000;397.600000;0.6.0
1;23;5;6.798000;391.600000;0.6.0
1;24;5;6.770000;409.800000;0.6.0
1;10;6;2.788000;213.200000;0.6.0
1;11;6;2.946000;242.200000;0.6.0
1;12;6;3.170000;253.600000;0.6.0
1;13;6;3.448000;242.000000;0.6.0
1;14;6;3.888000;288.800000;0.6.0
1;15;6;4.662000;294.600000;0.6.0
1;16;6;5.732000;353.800000;0.6.0
1;17;6;6.008000;347.000000;0.6.0
1;18;6;7.070000;400.200000;0.6.0
1;19;6;8.642000;464.200000;0.6.0
1;20;6;9.834000;528.000000;0.6.0
1;21;6;9.756000;491.800000;0.6.0
1;22;6;9.534000;508.600000;0.6.0
1;23;6;9.564000;492.000000;0.6.0
1;24;6;9.512000;496.000000;0.6.0
1;10;7;3.416000;233.000000;0.6.0
1;11;7;3.592000;253.000000;0.6.0
1;12;7;3.816000;271.600000;0.6.0
1;13;7;4.164000;269.000000;0.6.0
1;14;7;4.694000;287.000000;0.6.0
1;15;7;5.664000;354.600000;0.6.0
1;16;7;7.284000;396.800000;0.6.0
1;17;7;7.196000;419.400000;0.6.0
1;18;7;8.108000;451.400000;0.6.0
1;19;7;9.474000;520.200000;0.6.0
1;20;7;11.736000;585.800000;0.6.0
1;21;7;14.936000;741.600000;0.6.0
1;22;7;18.666000;886.600000;0.6.0
1;23;7;19.490000;913.800000;0.6.0
1;24;7;19.386000;945.200000;0.6.0
1;10;8;3.430000;251.000000;0.6.0
1;11;8;3.608000;229.800000;0.6.0
1;12;8;3.954000;262.000000;0.6.0
1;13;8;4.378000;297.600000;0.6.0
1;14;8;5.046000;312.400000;0.6.0
1;15;8;6.244000;365.600000;0.6.0
1;16;8;8.278000;445.200000;0.6.0
1;17;8;8.042000;434.000000;0.6.0
1;18;8;9.166000;488.600000;0.6.0
1;19;8;10.982000;575.200000;0.6.0
1;20;8;13.806000;690.800000;0.6.0
1;21;8;18.010000;861.800000;0.6.0
1;22;8;24.178000;1151.200000;0.6.0
1;23;8;36.196000;1638.800000;0.6.0
1;24;8;36.906000;1663.000000;0.6.0
1;10;9;4.316000;240.600000;0.6.0
1;11;9;4.362000;273.800000;0.6.0
1;12;9;4.662000;272.800000;0.6.0
1;13;9;5.188000;304.000000;0.6.0
1;14;9;5.880000;339.000000;0.6.0
1;15;9;6.916000;400.800000;0.6.0
1;16;9;8.400000;465.400000;0.6.0
1;17;9;9.864000;525.200000;0.6.0
1;18;9;11.422000;595.800000;0.6.0
1;19;9;13.668000;693.000000;0.6.0
1;20;9;17.092000;813.800000;0.6.0
1;21;9;22.652000;1050.000000;0.6.0
1;22;9;31.466000;1444.800000;0.6.0
1;23;9;59.902000;2543.600000;0.6.0
1;24;9;101.222000;4279.800000;0.6.0
1;10;10;128.030000;5254.600000;0.6.0
1;11;10;120.654000;4929.800000;0.6.0
1;12;10;114.938000;4753.200000;0.6.0
1;13;10;109.810000;4546.800000;0.6.0
1;14;10;105.970000;4351.800000;0.6.0
1;15;10;102.170000;4209.800000;0.6.0
1;16;10;100.020000;4118.600000;0.6.0
1;17;10;116.056000;4799.600000;0.6.0
1;18;10;110.050000;4613.200000;0.6.0
1;19;10;101.806000;4257.400000;0.6.0
1;20;10;103.362000;4281.200000;0.6.0
1;21;10;108.006000;4492.600000;0.6.0
1;22;10;116.714000;4806.000000;0.6.0
1;23;10;126.072000;5141.400000;0.6.0
1;24;10;137.502000;5573.800000;0.6.0
1;10;11;314.424000;12853.400000;0.6.0
1;11;11;298.998000;12115.800000;0.6.0
1;12;11;283.446000;11480.600000;0.6.0
1;13;11;268.770000;10902.600000;0.6.0
1;14;11;261.208000;10614.800000;0.6.0
1;15;11;251.958000;10333.200000;0.6.0
1;16;11;243.968000;9910.200000;0.6.0
1;17;11;275.290000;11211.200000;0.6.0
1;18;11;299.270000;12381.200000;0.6.0
1;19;11;273.072000;11100.200000;0.6.0
1;20;11;255.470000;10574.800000;0.6.0
1;21;11;250.890000;10281.800000;0.6.0
1;22;11;255.314000;10469.000000;0.6.0
1;23;11;258.254000;10603.400000;0.6.0
1;24;11;271.380000;11009.200000;0.6.0
1;10;0;2.902000;222.400000;1.0.0
1;11;0;1.814000;151.400000;1.0.0
1;12;0;1.340000;153.400000;1.0.0
1;13;0;1.030000;88.800000;1.0.0
1;14;0;0.932000;62.400000;1.0.0
1;15;0;0.754000;69.200000;1.0.0
1;16;0;0.740000;78.200000;1.0.0
1;17;0;0.732000;78.800000;1.0.0
1;18;0;0.734000;79.000000;1.0.0
1;19;0;0.734000;78.600000;1.0.0
1;20;0;0.744000;78.800000;1.0.0
1;21;0;0.734000;78.600000;1.0.0
1;22;0;0.734000;79.600000;1.0.0
1;23;0;0.738000;77.200000;1.0.0
1;24;0;0.738000;79.200000;1.0.0
1;10;1;2.354000;208.400000;1.0.0
1;11;1;1.628000;144.600000;1.0.0
1;12;1;1.188000;142.800000;1.0.0
1;13;1;0.956000;79.000000;1.0.0
1;14;1;0.854000;79.200000;1.0.0
1;15;1;0.800000;79.800000;1.0.0
1;16;1;0.844000;79.000000;1.0.0
1;17;1;0.832000;79.200000;1.0.0
1;18;1;0.834000;78.400000;1.0.0
1;19;1;0.836000;80.000000;1.0.0
1;20;1;0.842000;79.000000;1.0.0
1;21;1;0.822000;79.600000;1.0.0
1;22;1;0.846000;79.400000;1.0.0
1;23;1;0.834000;79.800000;1.0.0
1;24;1;0.836000;78.400000;1.0.0
1;10;2;1.468000;127.000000;1.0.0
1;11;2;1.480000;154.600000;1.0.0
1;12;2;1.484000;120.600000;1.0.0
1;13;2;1.484000;128.400000;1.0.0
1;14;2;1.472000;144.600000;1.0.0
1;15;2;1.524000;136.600000;1.0.0
1;16;2;1.468000;129.800000;1.0.0
1;17;2;1.510000;142.600000;1.0.0
1;18;2;1.516000;123.000000;1.0.0
1;19;2;1.522000;141.400000;1.0.0
1;20;2;1.522000;139.600000;1.0.0
1;21;2;1.504000;150.600000;1.0.0
1;22;2;1.486000;143.200000;1.0.0
1;23;2;1.496000;151.000000;1.0.0
1;24;2;1.482000;151.600000;1.0.0
1;10;3;2.006000;198.000000;1.0.0
1;11;3;2.042000;180.400000;1.0.0
1;12;3;2.012000;177.000000;1.0.0
1;13;3;2.008000;189.200000;1.0.0
1;14;3;1.966000;165.400000;1.0.0
1;15;3;2.040000;188.800000;1.0.0
1;16;3;1.974000;172.800000;1.0.0
1;17;3;2.026000;195.800000;1.0.0
1;18;3;2.020000;200.800000;1.0.0
1;19;3;2.040000;192.400000;1.0.0
1;20;3;2.024000;181.200000;1.0.0
1;21;3;1.986000;159.200000;1.0.0
1;22;3;1.982000;151.000000;1.0.0
1;23;3;1.994000;152.800000;1.0.0
1;24;3;1.978000;179.000000;1.0.0
1;10;4;3.072000;226.800000;1.0.0
1;11;4;3.094000;182.000000;1.0.0
1;12;4;3.062000;206.000000;1.0.0
1;13;4;3.022000;231.400000;1.0.0
1;14;4;2.930000;242.200000;1.0.0
1;15;4;2.858000;181.200000;1.0.0
1;16;4;2.780000;201.000000;1.0.0
1;17;4;2.822000;200.200000;1.0.0
1;18;4;2.802000;158.400000;1.0.0
1;19;4;2.782000;198.000000;1.0.0
1;20;4;2.744000;235.600000;1.0.0
1;21;4;2.702000;188.400000;1.0.0
1;22;4;2.680000;179.200000;1.0.0
1;23;4;2.672000;207.200000;1.0.0
1;24;4;2.662000;201.000000;1.0.0
1;10;5;2.784000;181.800000;1.0.0
1;11;5;2.908000;233.800000;1.0.0
1;12;5;3.068000;218.200000;1.0.0
1;13;5;3.304000;233.000000;1.0.0
1;14;5;3.708000;238.600000;1.0.0
1;15;5;4.286000;255.600000;1.0.0
1;16;5;5.188000;298.200000;1.0.0
1;17;5;5.694000;320.200000;1.0.0
1;18;5;6.436000;377.600000;1.0.0
1;19;5;7.058000;405.800000;1.0.0
1;20;5;7.086000;363.800000;1.0.0
1;21;5;6.948000;381.800000;1.0.0
1;22;5;6.920000;383.800000;1.0.0
1;23;5;6.890000;386.400000;1.0.0
1;24;5;6.886000;403.400000;1.0.0
1;10;6;2.794000;204.400000;1.0.0
1;11;6;2.990000;229.600000;1.0.0
1;12;6;3.186000;246.000000;1.0.0
1;13;6;3.490000;226.600000;1.0.0
1;14;6;3.950000;270.800000;1.0.0
1;15;6;4.772000;316.400000;1.0.0
1;16;6;5.902000;335.800000;1.0.0
1;17;6;6.152000;344.000000;1.0.0
1;18;6;7.158000;392.400000;1.0.0
1;19;6;8.784000;454.000000;1.0.0
1;20;6;9.832000;504.200000;1.0.0
1;21;6;9.822000;509.200000;1.0.0
1;22;6;9.756000;497.800000;1.0.0
1;23;6;9.698000;506.200000;1.0.0
1;24;6;9.672000;496.600000;1.0.0
1;10;7;3.432000;237.000000;1.0.0
1;11;7;3.642000;221.600000;1.0.0
1;12;7;3.866000;262.800000;1.0.0
1;13;7;4.222000;272.400000;1.0.0
1;14;7;4.788000;315.600000;1.0.0
1;15;7;5.830000;355.000000;1.0.0
1;16;7;7.392000;424.200000;1.0.0
1;17;7;7.288000;413.400000;1.0.0
1;18;7;8.124000;429.800000;1.0.0
1;19;7;9.562000;503.800000;1.0.0
1;20;7;11.814000;596.000000;1.0.0
1;21;7;15.126000;732.800000;1.0.0
1;22;7;18.766000;894.200000;1.0.0
1;23;7;19.708000;929.200000;1.0.0
1;24;7;19.642000;915.000000;1.0.0
1;10;8;3.428000;202.200000;1.0.0
1;11;8;3.658000;233.000000;1.0.0
1;12;8;3.994000;289.600000;1.0.0
1;13;8;4.434000;273.800000;1.0.0
1;14;8;5.158000;313.200000;1.0.0
1;15;8;6.336000;331.000000;1.0.0
1;16;8;8.402000;444.800000;1.0.0
1;17;8;8.194000;440.800000;1.0.0
1;18;8;9.216000;502.200000;1.0.0
1;19;8;11.054000;560.000000;1.0.0
1;20;8;14.006000;684.800000;1.0.0
1;21;8;18.282000;893.800000;1.0.0
1;22;8;24.598000;1123.600000;1.0.0
1;23;8;36.416000;1602.600000;1.0.0
1;24;8;37.488000;1677.200000;1.0.0
1;10;9;4.300000;273.400000;1.0.0
1;11;9;4.488000;278.600000;1.0.0
1;12;9;4.804000;313.000000;1.0.0
1;13;9;5.436000;338.400000;1.0.0
1;14;9;6.202000;342.200000;1.0.0
1;15;9;7.424000;414.400000;1.0.0
1;16;9;9.050000;467.200000;1.0.0
1;17;9;9.938000;526.800000;1.0.0
1;18;9;11.578000;579.800000;1.0.0
1;19;9;13.764000;681.600000;1.0.0
1;20;9;17.188000;846.000000;1.0.0
1;21;9;23.374000;1097.400000;1.0.0
1;22;9;30.688000;1388.400000;1.0.0
1;23;9;59.608000;2519.000000;1.0.0
1;24;9;101.424000;4217.800000;1.0.0
1;10;10;128.032000;5242.200000;1.0.0
1;11;10;120.732000;4990.400000;1.0.0
1;12;10;114.906000;4728.000000;1.0.0
1;13;10;109.792000;4529.000000;1.0.0
1;14;10;105.976000;4401.600000;1.0.0
1;15;10;102.340000;4187.200000;1.0.0
1;16;10;99.910000;4110.000000;1.0.0
1;17;10;115.758000;4742.800000;1.0.0
1;18;10;109.636000;4559.400000;1.0.0
1;19;10;101.160000;4251.800000;1.0.0
1;20;10;102.812000;4267.400000;1.0.0
1;21;10;107.522000;4464.800000;1.0.0
1;22;10;116.012000;4810.800000;1.0.0
1;23;10;125.696000;5137.600000;1.0.0
1;24;10;137.492000;5560.600000;1.0.0
1;10;11;310.946000;12641.800000;1.0.0
1;11;11;296.182000;12149.000000;1.0.0
1;12;11;280.080000;11342.200000;1.0.0
1;13;11;265.162000;10750.800000;1.0.0
1;14;11;257.434000;10475.200000;1.0.0
1;15;11;248.790000;10092.600000;1.0.0
1;16;11;240.726000;9874.400000;1.0.0
1;17;11;271.920000;11076.000000;1.0.0
1;18;11;295.550000;12218.800000;1.0.0
1;19;11;269.506000;10986.600000;1.0.0
1;20;11;251.750000;10448.600000;1.0.0
1;21;11;247.110000;10150.200000;1.0.0
1;22;11;251.784000;10295.200000;1.0.0
1;23;11;254.734000;10392.200000;1.0.0
1;24;11;267.754000;10977.000000;1.0.0
1;10;0;2.888000;212.400000;1.0.1
1;11;0;1.870000;149.000000;1.0.1
1;12;0;1.374000;150.200000;1.0.1
1;13;0;1.040000;77.000000;1.0.1
1;14;0;0.924000;91.200000;1.0.1
1;15;0;0.758000;71.400000;1.0.1
1;16;0;0.718000;78.200000;1.0.1
1;17;0;0.742000;78.600000;1.0.1
1;18;0;0.734000;78.600000;1.0.1
1;19;0;0.780000;77.400000;1.0.1
1;20;0;0.728000;78.400000;1.0.1
1;21;0;0.738000;90.800000;1.0.1
1;22;0;0.742000;79.200000;1.0.1
1;23;0;0.726000;79.600000;1.0.1
1;24;0;0.742000;88.200000;1.0.1
1;10;1;2.336000;178.800000;1.0.1
1;11;1;1.606000;134.200000;1.0.1
1;12;1;1.190000;140.200000;1.0.1
1;13;1;0.950000;77.400000;1.0.1
1;14;1;0.838000;77.800000;1.0.1
1;15;1;0.800000;79.400000;1.0.1
1;16;1;0.848000;92.600000;1.0.1
1;17;1;0.820000;79.000000;1.0.1
1;18;1;0.838000;78.200000;1.0.1
1;19;1;0.850000;79.400000;1.0.1
1;20;1;0.850000;78.800000;1.0.1
1;21;1;0.846000;79.200000;1.0.1
1;22;1;0.834000;76.800000;1.0.1
1;23;1;0.850000;79.400000;1.0.1
1;24;1;0.818000;91.400000;1.0.1
1;10;2;1.450000;133.800000;1.0.1
1;11;2;1.480000;126.600000;1.0.1
1;12;2;1.492000;149.000000;1.0.1
1;13;2;1.482000;143.800000;1.0.1
1;14;2;1.452000;151.000000;1.0.1
1;15;2;1.526000;150.600000;1.0.1
1;16;2;1.468000;150.600000;1.0.1
1;17;2;1.512000;140.200000;1.0.1
1;18;2;1.500000;117.600000;1.0.1
1;19;2;1.504000;132.600000;1.0.1
1;20;2;1.496000;153.200000;1.0.1
1;21;2;1.506000;138.600000;1.0.1
1;22;2;1.474000;131.000000;1.0.1
1;23;2;1.478000;153.400000;1.0.1
1;24;2;1.466000;132.000000;1.0.1
1;10;3;2.032000;192.400000;1.0.1
1;11;3;2.046000;199.000000;1.0.1
1;12;3;2.050000;196.200000;1.0.1
1;13;3;2.016000;175.400000;1.0.1
1;14;3;1.978000;189.600000;1.0.1
1;15;3;2.044000;180.000000;1.0.1
1;16;3;1.990000;166.400000;1.0.1
1;17;3;2.034000;181.800000;1.0.1
1;18;3;2.032000;197.000000;1.0.1
1;19;3;2.034000;189.800000;1.0.1
1;20;3;2.030000;200.200000;1.0.1
1;21;3;2.000000;171.800000;1.0.1
1;22;3;1.990000;181.000000;1.0.1
1;23;3;1.976000;156.200000;1.0.1
1;24;3;1.986000;167.200000;1.0.1
1;10;4;3.064000;203.200000;1.0.1
1;11;4;3.078000;231.400000;1.0.1
1;12;4;3.038000;201.000000;1.0.1
1;13;4;2.972000;211.200000;1.0.1
1;14;4;2.890000;216.800000;1.0.1
1;15;4;2.820000;194.000000;1.0.1
1;16;4;2.756000;208.400000;1.0.1
1;17;4;2.774000;181.000000;1.0.1
1;18;4;2.766000;212.800000;1.0.1
1;19;4;2.740000;169.200000;1.0.1
1;20;4;2.710000;200.800000;1.0.1
1;21;4;2.688000;195.600000;1.0.1
1;22;4;2.654000;196.200000;1.0.1
1;23;4;2.646000;185.800000;1.0.1
1;24;4;2.646000;225.800000;1.0.1
1;10;5;2.762000;201.000000;1.0.1
1;11;5;2.932000;237.000000;1.0.1
1;12;5;3.096000;225.200000;1.0.1
1;13;5;3.332000;255.000000;1.0.1
1;14;5;3.724000;257.400000;1.0.1
1;15;5;4.320000;269.000000;1.0.1
1;16;5;5.220000;285.400000;1.0.1
1;17;5;5.606000;336.400000;1.0.1
1;18;5;6.394000;383.000000;1.0.1
1;19;5;7.004000;402.800000;1.0.1
1;20;5;7.016000;379.600000;1.0.1
1;21;5;6.920000;378.000000;1.0.1
1;22;5;6.860000;358.600000;1.0.1
1;23;5;6.818000;381.600000;1.0.1
1;24;5;6.806000;387.000000;1.0.1
1;10;6;2.818000;182.800000;1.0.1
1;11;6;2.992000;234.800000;1.0.1
1;12;6;3.224000;206.600000;1.0.1
1;13;6;3.528000;257.200000;1.0.1
1;14;6;3.992000;274.000000;1.0.1
1;15;6;4.792000;304.800000;1.0.1
1;16;6;5.926000;346.200000;1.0.1
1;17;6;6.060000;357.000000;1.0.1
1;18;6;7.064000;388.000000;1.0.1
1;19;6;8.704000;449.800000;1.0.1
1;20;6;9.884000;533.000000;1.0.1
1;21;6;9.700000;506.000000;1.0.1
1;22;6;9.646000;500.000000;1.0.1
1;23;6;9.628000;497.800000;1.0.1
1;24;6;9.600000;503.600000;1.0.1
1;10;7;3.416000;252.000000;1.0.1
1;11;7;3.630000;248.000000;1.0.1
1;12;7;3.860000;258.400000;1.0.1
1;13;7;4.222000;262.600000;1.0.1
1;14;7;4.786000;303.200000;1.0.1
1;15;7;5.772000;347.400000;1.0.1
1;16;7;7.386000;398.200000;1.0.1
1;17;7;7.190000;377.800000;1.0.1
1;18;7;8.058000;433.000000;1.0.1
1;19;7;9.446000;505.800000;1.0.1
1;20;7;11.752000;601.800000;1.0.1
1;21;7;15.000000;737.400000;1.0.1
1;22;7;18.710000;905.400000;1.0.1
1;23;7;19.698000;935.000000;1.0.1
1;24;7;19.518000;922.200000;1.0.1
1;10;8;3.422000;229.400000;1.0.1
1;11;8;3.662000;216.800000;1.0.1
1;12;8;3.986000;263.600000;1.0.1
1;13;8;4.416000;272.600000;1.0.1
1;14;8;5.150000;280.000000;1.0.1
1;15;8;6.378000;373.400000;1.0.1
1;16;8;8.390000;442.000000;1.0.1
1;17;8;7.998000;435.800000;1.0.1
1;18;8;9.142000;504.200000;1.0.1
1;19;8;10.990000;574.200000;1.0.1
1;20;8;13.758000;658.800000;1.0.1
1;21;8;18.120000;849.000000;1.0.1
1;22;8;24.406000;1134.600000;1.0.1
1;23;8;35.890000;1615.800000;1.0.1
1;24;8;37.158000;1660.000000;1.0.1
1;10;9;4.314000;261.800000;1.0.1
1;11;9;4.564000;300.200000;1.0.1
1;12;9;4.818000;317.200000;1.0.1
1;13;9;5.438000;323.800000;1.0.1
1;14;9;6.228000;361.400000;1.0.1
1;15;9;7.450000;425.200000;1.0.1
1;16;9;9.042000;459.800000;1.0.1
1;17;9;9.822000;517.600000;1.0.1
1;18;9;11.422000;571.400000;1.0.1
1;19;9;13.622000;682.400000;1.0.1
1;20;9;16.882000;820.400000;1.0.1
1;21;9;22.916000;1068.200000;1.0.1
1;22;9;30.714000;1342.400000;1.0.1
1;23;9;59.882000;2561.600000;1.0.1
1;24;9;103.238000;4289.800000;1.0.1
1;10;10;127.876000;5248.400000;1.0.1
1;11;10;120.694000;4921.600000;1.0.1
1;12;10;114.838000;4746.600000;1.0.1
1;13;10;109.656000;4471.400000;1.0.1
1;14;10;105.802000;4342.200000;1.0.1
1;15;10;101.904000;4201.200000;1.0.1
1;16;10;99.736000;4130.800000;1.0.1
1;17;10;115.822000;4753.200000;1.0.1
1;18;10;109.796000;4567.600000;1.0.1
1;19;10;101.440000;4231.600000;1.0.1
1;20;10;102.992000;4311.800000;1.0.1
1;21;10;107.694000;4449.200000;1.0.1
1;22;10;116.288000;4766.600000;1.0.1
1;23;10;126.072000;5149.600000;1.0.1
1;24;10;137.582000;5621.400000;1.0.1
1;10;11;310.076000;12542.000000;1.0.1
1;11;11;294.838000;11933.200000;1.0.1
1;12;11;278.418000;11230.800000;1.0.1
1;13;11;264.358000;10786.400000;1.0.1
1;14;11;256.278000;10378.400000;1.0.1
1;15;11;247.528000;10032.800000;1.0.1
1;16;11;239.688000;9758.200000;1.0.1
1;17;11;270.466000;11075.400000;1.0.1
1;18;11;294.554000;12067.800000;1.0.1
1;19;11;268.322000;11010.600000;1.0.1
1;20;11;251.212000;10322.200000;1.0.1
1;21;11;246.498000;10160.200000;1.0.1
1;22;11;250.636000;10235.200000;1.0.1
1;23;11;253.510000;10302.800000;1.0.1
1;24;11;267.134000;10852.400000;1.0.1
1;10;0;2.912000;236.000000;1.0.2
1;11;0;1.884000;141.400000;1.0.2
1;12;0;1.370000;146.200000;1.0.2
1;13;0;1.050000;86.800000;1.0.2
1;14;0;0.930000;77.800000;1.0.2
1;15;0;0.770000;75.400000;1.0.2
1;16;0;0.750000;88.800000;1.0.2
1;17;0;0.728000;77.000000;1.0.2
1;18;0;0.746000;79.400000;1.0.2
1;19;0;0.742000;79.000000;1.0.2
1;20;0;0.744000;78.600000;1.0.2
1;21;0;0.736000;78.400000;1.0.2
1;22;0;0.744000;79.400000;1.0.2
1;23;0;0.742000;76.800000;1.0.2
1;24;0;0.748000;79.600000;1.0.2
1;10;1;2.348000;184.200000;1.0.2
1;11;1;1.608000;138.800000;1.0.2
1;12;1;1.186000;138.600000;1.0.2
1;13;1;0.946000;87.200000;1.0.2
1;14;1;0.836000;78.800000;1.0.2
1;15;1;0.826000;78.600000;1.0.2
1;16;1;0.838000;79.000000;1.0.2
1;17;1;0.838000;79.200000;1.0.2
1;18;1;0.830000;78.800000;1.0.2
1;19;1;0.836000;79.800000;1.0.2
1;20;1;0.824000;79.200000;1.0.2
1;21;1;0.822000;78.600000;1.0.2
1;22;1;0.822000;77.400000;1.0.2
1;23;1;0.826000;80.200000;1.0.2
1;24;1;0.826000;79.000000;1.0.2
1;10;2;1.468000;136.400000;1.0.2
1;11;2;1.488000;132.600000;1.0.2
1;12;2;1.498000;134.000000;1.0.2
1;13;2;1.496000;151.000000;1.0.2
1;14;2;1.472000;154.600000;1.0.2
1;15;2;1.548000;148.400000;1.0.2
1;16;2;1.478000;135.400000;1.0.2
1;17;2;1.510000;153.400000;1.0.2
1;18;2;1.520000;150.600000;1.0.2
1;19;2;1.514000;156.000000;1.0.2
1;20;2;1.514000;160.400000;1.0.2
1;21;2;1.498000;146.000000;1.0.2
1;22;2;1.494000;134.200000;1.0.2
1;23;2;1.492000;135.600000;1.0.2
1;24;2;1.484000;153.600000;1.0.2
1;10;3;2.028000;184.800000;1.0.2
1;11;3;2.056000;186.000000;1.0.2
1;12;3;2.040000;181.200000;1.0.2
1;13;3;2.020000;199.600000;1.0.2
1;14;3;1.972000;162.000000;1.0.2
1;15;3;2.060000;184.600000;1.0.2
1;16;3;1.994000;171.800000;1.0.2
1;17;3;2.034000;182.400000;1.0.2
1;18;3;2.026000;160.800000;1.0.2
1;19;3;2.038000;172.800000;1.0.2
1;20;3;2.042000;185.800000;1.0.2
1;21;3;2.018000;162.600000;1.0.2
1;22;3;1.988000;165.800000;1.0.2
1;23;3;1.986000;146.200000;1.0.2
1;24;3;1.974000;172.200000;1.0.2
1;10;4;3.032000;220.200000;1.0.2
1;11;4;3.046000;240.400000;1.0.2
1;12;4;3.026000;232.600000;1.0.2
1;13;4;2.968000;237.800000;1.0.2
1;14;4;2.898000;205.600000;1.0.2
1;15;4;2.838000;191.800000;1.0.2
1;16;4;2.754000;216.000000;1.0.2
1;17;4;2.764000;217.600000;1.0.2
1;18;4;2.754000;210.600000;1.0.2
1;19;4;2.740000;206.000000;1.0.2
1;20;4;2.706000;203.000000;1.0.2
1;21;4;2.672000;195.600000;1.0.2
1;22;4;2.652000;189.200000;1.0.2
1;23;4;2.636000;217.600000;1.0.2
1;24;4;2.636000;224.200000;1.0.2
1;10;5;2.774000;197.200000;1.0.2
1;11;5;2.918000;199.600000;1.0.2
1;12;5;3.094000;233.800000;1.0.2
1;13;5;3.326000;247.600000;1.0.2
1;14;5;3.740000;199.200000;1.0.2
1;15;5;4.324000;281.800000;1.0.2
1;16;5;5.224000;308.800000;1.0.2
1;17;5;5.612000;325.400000;1.0.2
1;18;5;6.378000;352.200000;1.0.2
1;19;5;6.996000;379.400000;1.0.2
1;20;5;7.034000;391.800000;1.0.2
1;21;5;6.892000;386.800000;1.0.2
1;22;5;6.860000;374.800000;1.0.2
1;23;5;6.840000;370.400000;1.0.2
1;24;5;6.828000;379.400000;1.0.2
1;10;6;2.786000;199.400000;1.0.2
1;11;6;3.000000;225.800000;1.0.2
1;12;6;3.218000;231.200000;1.0.2
1;13;6;3.516000;240.200000;1.0.2
1;14;6;3.972000;246.600000;1.0.2
1;15;6;4.786000;303.200000;1.0.2
1;16;6;5.952000;336.200000;1.0.2
1;17;6;6.042000;341.000000;1.0.2
1;18;6;7.090000;378.800000;1.0.2
1;19;6;8.680000;437.800000;1.0.2
1;20;6;9.882000;501.800000;1.0.2
1;21;6;9.636000;478.000000;1.0.2
1;22;6;9.620000;495.800000;1.0.2
1;23;6;9.622000;497.800000;1.0.2
1;24;6;9.572000;506.800000;1.0.2
1;10;7;3.442000;256.800000;1.0.2
1;11;7;3.630000;247.600000;1.0.2
1;12;7;3.884000;274.600000;1.0.2
1;13;7;4.256000;259.400000;1.0.2
1;14;7;4.800000;307.000000;1.0.2
1;15;7;5.844000;318.000000;1.0.2
1;16;7;7.404000;433.400000;1.0.2
1;17;7;7.190000;409.800000;1.0.2
1;18;7;8.100000;439.200000;1.0.2
1;19;7;9.452000;487.600000;1.0.2
1;20;7;11.624000;570.600000;1.0.2
1;21;7;15.076000;733.600000;1.0.2
1;22;7;18.674000;888.800000;1.0.2
1;23;7;19.502000;915.600000;1.0.2
1;24;7;19.442000;909.600000;1.0.2
1;10;8;3.422000;252.200000;1.0.2
1;11;8;3.662000;231.400000;1.0.2
1;12;8;3.998000;274.400000;1.0.2
1;13;8;4.456000;273.800000;1.0.2
1;14;8;5.160000;308.000000;1.0.2
1;15;8;6.374000;328.600000;1.0.2
1;16;8;8.424000;455.800000;1.0.2
1;17;8;8.074000;422.800000;1.0.2
1;18;8;9.266000;492.400000;1.0.2
1;19;8;11.012000;574.200000;1.0.2
1;20;8;13.830000;658.000000;1.0.2
1;21;8;18.172000;850.000000;1.0.2
1;22;8;24.384000;1144.600000;1.0.2
1;23;8;36.106000;1652.400000;1.0.2
1;24;8;37.202000;1682.000000;1.0.2
1;10;9;4.332000;284.600000;1.0.2
1;11;9;4.520000;261.800000;1.0.2
1;12;9;4.808000;308.400000;1.0.2
1;13;9;5.420000;313.000000;1.0.2
1;14;9;6.196000;361.000000;1.0.2
1;15;9;7.422000;392.400000;1.0.2
1;16;9;9.056000;472.400000;1.0.2
1;17;9;9.926000;514.800000;1.0.2
1;18;9;11.448000;574.800000;1.0.2
1;19;9;13.716000;671.600000;1.0.2
1;20;9;17.018000;834.200000;1.0.2
1;21;9;23.030000;1072.000000;1.0.2
1;22;9;30.618000;1392.200000;1.0.2
1;23;9;58.316000;2483.600000;1.0.2
1;24;9;104.300000;4392.600000;1.0.2
1;10;10;127.906000;5233.400000;1.0.2
1;11;10;120.614000;4965.600000;1.0.2
1;12;10;114.848000;4706.000000;1.0.2
1;13;10;109.704000;4544.600000;1.0.2
1;14;10;105.784000;4362.400000;1.0.2
1;15;10;101.944000;4211.600000;1.0.2
1;16;10;99.888000;4100.600000;1.0.2
1;17;10;115.734000;4814.000000;1.0.2
1;18;10;109.364000;4538.000000;1.0.2
1;19;10;101.064000;4211.200000;1.0.2
1;20;10;102.730000;4265.400000;1.0.2
1;21;10;107.280000;4484.400000;1.0.2
1;22;10;116.042000;4762.800000;1.0.2
1;23;10;125.580000;5124.400000;1.0.2
1;24;10;137.130000;5545.000000;1.0.2
1;10;11;312.398000;12780.200000;1.0.2
1;11;11;295.312000;11918.800000;1.0.2
1;12;11;279.286000;11459.400000;1.0.2
1;13;11;265.206000;10773.800000;1.0.2
1;14;11;256.610000;10436.600000;1.0.2
1;15;11;248.040000;10207.800000;1.0.2
1;16;11;239.742000;9818.600000;1.0.2
1;17;11;270.694000;11046.000000;1.0.2
1;18;11;295.008000;12093.200000;1.0.2
1;19;11;268.890000;10574.800000;1.0.2
1;20;11;251.420000;10377.000000;1.0.2
1;21;11;246.478000;10120.800000;1.0.2
1;22;11;251.138000;10349.800000;1.0.2
1;23;11;254.526000;10372.800000;1.0.2
1;24;11;267.462000;10904.800000;1.0.2
1;10;0;2.740000;152.400000;1.0.3
1;11;0;1.702000;142.200000;1.0.3
1;12;0;1.204000;149.600000;1.0.3
1;13;0;0.902000;77.800000;1.0.3
1;14;0;0.788000;64.200000;1.0.3
1;15;0;0.622000;78.600000;1.0.3
1;16;0;0.594000;78.000000;1.0.3
1;17;0;0.576000;78.800000;1.0.3
1;18;0;0.588000;79.000000;1.0.3
1;19;0;0.596000;79.000000;1.0.3
1;20;0;0.590000;78.400000;1.0.3
1;21;0;0.578000;78.600000;1.0.3
1;22;0;0.584000;79.400000;1.0.3
1;23;0;0.590000;94.200000;1.0.3
1;24;0;0.544000;78.600000;1.0.3
1;10;1;2.208000;182.000000;1.0.3
1;11;1;1.494000;116.200000;1.0.3
1;12;1;1.070000;94.000000;1.0.3
1;13;1;0.830000;78.400000;1.0.3
1;14;1;0.712000;78.600000;1.0.3
1;15;1;0.670000;79.600000;1.0.3
1;16;1;0.686000;79.000000;1.0.3
1;17;1;0.682000;85.600000;1.0.3
1;18;1;0.692000;78.600000;1.0.3
1;19;1;0.696000;79.800000;1.0.3
1;20;1;0.690000;79.400000;1.0.3
1;21;1;0.690000;79.400000;1.0.3
1;22;1;0.690000;78.600000;1.0.3
1;23;1;0.688000;79.600000;1.0.3
1;24;1;0.692000;79.400000;1.0.3
1;10;2;1.476000;150.600000;1.0.3
1;11;2;1.520000;133.200000;1.0.3
1;12;2;1.536000;148.600000;1.0.3
1;13;2;1.526000;152.200000;1.0.3
1;14;2;1.480000;142.000000;1.0.3
1;15;2;1.556000;137.800000;1.0.3
1;16;2;1.504000;145.800000;1.0.3
1;17;2;1.554000;124.400000;1.0.3
1;18;2;1.568000;162.000000;1.0.3
1;19;2;1.568000;147.000000;1.0.3
1;20;2;1.560000;161.400000;1.0.3
1;21;2;1.546000;142.600000;1.0.3
1;22;2;1.526000;133.000000;1.0.3
1;23;2;1.536000;131.000000;1.0.3
1;24;2;1.530000;134.800000;1.0.3
1;10;3;1.962000;156.400000;1.0.3
1;11;3;2.002000;164.000000;1.0.3
1;12;3;1.994000;179.200000;1.0.3
1;13;3;1.964000;156.800000;1.0.3
1;14;3;1.914000;147.800000;1.0.3
1;15;3;2.000000;202.400000;1.0.3
1;16;3;1.932000;148.800000;1.0.3
1;17;3;1.998000;145.000000;1.0.3
1;18;3;2.056000;179.800000;1.0.3
1;19;3;1.978000;193.600000;1.0.3
1;20;3;1.986000;164.600000;1.0.3
1;21;3;1.968000;142.400000;1.0.3
1;22;3;1.944000;153.600000;1.0.3
1;23;3;1.926000;159.800000;1.0.3
1;24;3;1.932000;159.600000;1.0.3
1;10;4;2.188000;173.600000;1.0.3
1;11;4;2.358000;174.400000;1.0.3
1;12;4;2.506000;189.600000;1.0.3
1;13;4;2.568000;180.000000;1.0.3
1;14;4;2.548000;195.200000;1.0.3
1;15;4;2.518000;191.000000;1.0.3
1;16;4;2.502000;176.200000;1.0.3
1;17;4;2.600000;193.600000;1.0.3
1;18;4;2.608000;172.000000;1.0.3
1;19;4;2.628000;215.600000;1.0.3
1;20;4;2.784000;192.600000;1.0.3
1;21;4;3.170000;197.400000;1.0.3
1;22;4;3.396000;243.200000;1.0.3
1;23;4;3.328000;247.200000;1.0.3
1;24;4;3.324000;230.800000;1.0.3
1;10;5;2.808000;210.400000;1.0.3
1;11;5;2.954000;232.800000;1.0.3
1;12;5;3.114000;235.800000;1.0.3
1;13;5;3.370000;242.400000;1.0.3
1;14;5;3.696000;263.800000;1.0.3
1;15;5;4.338000;283.400000;1.0.3
1;16;5;5.248000;296.000000;1.0.3
1;17;5;5.616000;338.400000;1.0.3
1;18;5;6.372000;374.600000;1.0.3
1;19;5;6.506000;385.000000;1.0.3
1;20;5;7.082000;383.600000;1.0.3
1;21;5;6.948000;373.800000;1.0.3
1;22;5;6.882000;381.200000;1.0.3
1;23;5;6.884000;404.200000;1.0.3
1;24;5;6.796000;393.800000;1.0.3
1;10;6;2.834000;181.200000;1.0.3
1;11;6;3.018000;239.200000;1.0.3
1;12;6;3.238000;205.800000;1.0.3
1;13;6;3.526000;223.800000;1.0.3
1;14;6;4.000000;277.200000;1.0.3
1;15;6;4.792000;309.600000;1.0.3
1;16;6;5.968000;335.200000;1.0.3
1;17;6;6.066000;332.200000;1.0.3
1;18;6;7.060000;383.000000;1.0.3
1;19;6;7.160000;380.000000;1.0.3
1;20;6;8.706000;457.000000;1.0.3
1;21;6;9.612000;490.200000;1.0.3
1;22;6;9.558000;490.000000;1.0.3
1;23;6;9.574000;510.000000;1.0.3
1;24;6;9.536000;491.400000;1.0.3
1;10;7;3.300000;219.200000;1.0.3
1;11;7;3.500000;222.000000;1.0.3
1;12;7;3.702000;220.600000;1.0.3
1;13;7;4.034000;276.400000;1.0.3
1;14;7;4.542000;257.400000;1.0.3
1;15;7;5.498000;325.600000;1.0.3
1;16;7;7.018000;378.000000;1.0.3
1;17;7;7.220000;371.400000;1.0.3
1;18;7;8.118000;447.000000;1.0.3
1;19;7;9.162000;481.000000;1.0.3
1;20;7;11.542000;577.600000;1.0.3
1;21;7;15.096000;742.200000;1.0.3
1;22;7;18.596000;919.000000;1.0.3
1;23;7;18.304000;896.400000;1.0.3
1;24;7;18.304000;875.400000;1.0.3
1;10;8;3.318000;239.000000;1.0.3
1;11;8;3.512000;211.600000;1.0.3
1;12;8;3.824000;245.200000;1.0.3
1;13;8;4.200000;294.600000;1.0.3
1;14;8;4.898000;304.400000;1.0.3
1;15;8;5.976000;351.200000;1.0.3
1;16;8;7.926000;429.800000;1.0.3
1;17;8;8.070000;437.000000;1.0.3
1;18;8;9.184000;495.600000;1.0.3
1;19;8;10.500000;537.800000;1.0.3
1;20;8;13.340000;639.000000;1.0.3
1;21;8;17.756000;843.400000;1.0.3
1;22;8;24.704000;1155.600000;1.0.3
1;23;8;33.880000;1530.200000;1.0.3
1;24;8;32.826000;1479.200000;1.0.3
1;10;9;4.162000;274.200000;1.0.3
1;11;9;4.350000;296.400000;1.0.3
1;12;9;4.604000;263.600000;1.0.3
1;13;9;5.138000;300.400000;1.0.3
1;14;9;5.824000;307.600000;1.0.3
1;15;9;6.910000;390.800000;1.0.3
1;16;9;8.370000;460.400000;1.0.3
1;17;9;9.878000;488.600000;1.0.3
1;18;9;11.410000;549.200000;1.0.3
1;19;9;12.658000;638.600000;1.0.3
1;20;9;16.066000;781.400000;1.0.3
1;21;9;22.320000;1014.800000;1.0.3
1;22;9;29.898000;1346.400000;1.0.3
1;23;9;63.596000;2711.000000;1.0.3
1;24;9;104.522000;4301.200000;1.0.3
1;10;10;128.800000;5244.000000;1.0.3
1;11;10;121.314000;4968.400000;1.0.3
1;12;10;114.678000;4751.800000;1.0.3
1;13;10;109.420000;4451.200000;1.0.3
1;14;10;104.656000;4295.600000;1.0.3
1;15;10;100.918000;4126.200000;1.0.3
1;16;10;97.434000;4025.800000;1.0.3
1;17;10;113.696000;4671.200000;1.0.3
1;18;10;106.870000;4420.000000;1.0.3
1;19;10;98.166000;4066.000000;1.0.3
1;20;10;99.670000;4146.800000;1.0.3
1;21;10;104.856000;4308.000000;1.0.3
1;22;10;115.450000;4719.400000;1.0.3
1;23;10;128.864000;5229.200000;1.0.3
1;24;10;141.322000;5786.200000;1.0.3
1;10;11;315.268000;12739.200000;1.0.3
1;11;11;298.136000;12059.200000;1.0.3
1;12;11;279.950000;11349.000000;1.0.3
1;13;11;268.222000;10945.200000;1.0.3
1;14;11;258.338000;10462.000000;1.0.3
1;15;11;249.240000;10114.000000;1.0.3
1;16;11;241.486000;9834.000000;1.0.3
1;17;11;275.404000;11282.600000;1.0.3
1;18;11;294.448000;12045.200000;1.0.3
1;19;11;268.750000;11027.200000;1.0.3
1;20;11;250.396000;10283.400000;1.0.3
1;21;11;246.322000;10200.600000;1.0.3
1;22;11;250.720000;10228.800000;1.0.3
1;23;11;257.080000;10423.600000;1.0.3
1;24;11;268.854000;10912.000000;1.0.3
1;10;0;2.710000;203.200000;1.0.4
1;11;0;1.728000;141.400000;1.0.4
1;12;0;1.208000;148.600000;1.0.4
1;13;0;0.890000;81.400000;1.0.4
1;14;0;0.772000;76.000000;1.0.4
1;15;0;0.584000;78.800000;1.0.4
1;16;0;0.562000;78.400000;1.0.4
1;17;0;0.578000;79.200000;1.0.4
1;18;0;0.584000;78.600000;1.0.4
1;19;0;0.576000;78.400000;1.0.4
1;20;0;0.568000;79.600000;1.0.4
1;21;0;0.570000;77.800000;1.0.4
1;22;0;0.576000;79.000000;1.0.4
1;23;0;0.576000;79.200000;1.0.4
1;24;0;0.568000;77.800000;1.0.4
1;10;1;2.230000;186.400000;1.0.4
1;11;1;1.500000;120.400000;1.0.4
1;12;1;1.072000;105.600000;1.0.4
1;13;1;0.854000;91.200000;1.0.4
1;14;1;0.730000;79.400000;1.0.4
1;15;1;0.696000;79.000000;1.0.4
1;16;1;0.694000;79.200000;1.0.4
1;17;1;0.690000;79.200000;1.0.4
1;18;1;0.684000;77.600000;1.0.4
1;19;1;0.688000;78.800000;1.0.4
1;20;1;0.680000;79.400000;1.0.4
1;21;1;0.660000;79.000000;1.0.4
1;22;1;0.694000;79.600000;1.0.4
1;23;1;0.684000;79.400000;1.0.4
1;24;1;0.690000;78.600000;1.0.4
1;10;2;1.498000;150.200000;1.0.4
1;11;2;1.522000;154.000000;1.0.4
1;12;2;1.530000;135.400000;1.0.4
1;13;2;1.506000;150.000000;1.0.4
1;14;2;1.492000;134.200000;1.0.4
1;15;2;1.564000;131.600000;1.0.4
1;16;2;1.528000;150.000000;1.0.4
1;17;2;1.554000;133.000000;1.0.4
1;18;2;1.564000;125.800000;1.0.4
1;19;2;1.562000;126.200000;1.0.4
1;20;2;1.556000;134.800000;1.0.4
1;21;2;1.544000;145.400000;1.0.4
1;22;2;1.542000;140.600000;1.0.4
1;23;2;1.536000;155.000000;1.0.4
1;24;2;1.524000;151.000000;1.0.4
1;10;3;1.958000;170.600000;1.0.4
1;11;3;1.964000;160.200000;1.0.4
1;12;3;1.986000;154.600000;1.0.4
1;13;3;1.952000;157.400000;1.0.4
1;14;3;1.924000;140.400000;1.0.4
1;15;3;2.010000;159.800000;1.0.4
1;16;3;1.916000;159.600000;1.0.4
1;17;3;1.972000;170.800000;1.0.4
1;18;3;1.992000;172.400000;1.0.4
1;19;3;1.990000;150.600000;1.0.4
1;20;3;1.990000;171.600000;1.0.4
1;21;3;1.960000;130.400000;1.0.4
1;22;3;1.938000;145.800000;1.0.4
1;23;3;1.940000;164.600000;1.0.4
1;24;3;1.920000;149.800000;1.0.4
1;10;4;2.192000;194.200000;1.0.4
1;11;4;2.362000;201.000000;1.0.4
1;12;4;2.498000;199.400000;1.0.4
1;13;4;2.566000;189.000000;1.0.4
1;14;4;2.568000;214.000000;1.0.4
1;15;4;2.526000;208.400000;1.0.4
1;16;4;2.502000;190.200000;1.0.4
1;17;4;2.616000;173.200000;1.0.4
1;18;4;2.630000;191.800000;1.0.4
1;19;4;2.616000;203.400000;1.0.4
1;20;4;2.810000;181.600000;1.0.4
1;21;4;3.258000;235.400000;1.0.4
1;22;4;3.386000;212.600000;1.0.4
1;23;4;3.322000;216.000000;1.0.4
1;24;4;3.318000;249.400000;1.0.4
1;10;5;2.816000;220.200000;1.0.4
1;11;5;2.948000;211.600000;1.0.4
1;12;5;3.122000;232.800000;1.0.4
1;13;5;3.370000;255.200000;1.0.4
1;14;5;3.742000;220.800000;1.0.4
1;15;5;4.346000;275.200000;1.0.4
1;16;5;5.256000;297.400000;1.0.4
1;17;5;5.626000;343.600000;1.0.4
1;18;5;6.414000;357.600000;1.0.4
1;19;5;6.546000;372.800000;1.0.4
1;20;5;7.066000;396.400000;1.0.4
1;21;5;6.936000;392.200000;1.0.4
1;22;5;6.876000;394.600000;1.0.4
1;23;5;6.818000;399.200000;1.0.4
1;24;5;6.792000;383.000000;1.0.4
1;10;6;2.844000;203.200000;1.0.4
1;11;6;3.022000;216.400000;1.0.4
1;12;6;3.246000;251.800000;1.0.4
1;13;6;3.538000;234.800000;1.0.4
1;14;6;4.010000;276.400000;1.0.4
1;15;6;4.792000;323.400000;1.0.4
1;16;6;5.940000;341.400000;1.0.4
1;17;6;6.070000;337.000000;1.0.4
1;18;6;7.118000;383.400000;1.0.4
1;19;6;7.114000;380.200000;1.0.4
1;20;6;8.732000;446.000000;1.0.4
1;21;6;9.624000;506.800000;1.0.4
1;22;6;9.596000;508.200000;1.0.4
1;23;6;9.578000;495.200000;1.0.4
1;24;6;9.518000;493.400000;1.0.4
1;10;7;3.316000;209.400000;1.0.4
1;11;7;3.492000;233.600000;1.0.4
1;12;7;3.720000;247.600000;1.0.4
1;13;7;4.044000;251.000000;1.0.4
1;14;7;4.552000;277.800000;1.0.4
1;15;7;5.506000;323.800000;1.0.4
1;16;7;7.026000;370.400000;1.0.4
1;17;7;7.230000;408.000000;1.0.4
1;18;7;8.078000;413.800000;1.0.4
1;19;7;9.098000;492.600000;1.0.4
1;20;7;11.544000;596.400000;1.0.4
1;21;7;15.074000;777.200000;1.0.4
1;22;7;18.340000;864.600000;1.0.4
1;23;7;18.414000;903.000000;1.0.4
1;24;7;18.412000;873.800000;1.0.4
1;10;8;3.318000;255.400000;1.0.4
1;11;8;3.494000;220.400000;1.0.4
1;12;8;3.814000;266.000000;1.0.4
1;13;8;4.216000;274.400000;1.0.4
1;14;8;4.870000;316.400000;1.0.4
1;15;8;5.978000;356.400000;1.0.4
1;16;8;7.902000;416.000000;1.0.4
1;17;8;8.074000;438.600000;1.0.4
1;18;8;9.184000;485.200000;1.0.4
1;19;8;10.464000;558.800000;1.0.4
1;20;8;13.272000;637.400000;1.0.4
1;21;8;17.874000;877.200000;1.0.4
1;22;8;24.822000;1164.000000;1.0.4
1;23;8;32.890000;1475.000000;1.0.4
1;24;8;32.800000;1476.000000;1.0.4
1;10;9;4.186000;264.000000;1.0.4
1;11;9;4.402000;277.800000;1.0.4
1;12;9;4.622000;271.400000;1.0.4
1;13;9;5.124000;329.000000;1.0.4
1;14;9;5.812000;365.000000;1.0.4
1;15;9;6.906000;390.400000;1.0.4
1;16;9;8.348000;446.200000;1.0.4
1;17;9;9.934000;515.800000;1.0.4
1;18;9;11.432000;590.200000;1.0.4
1;19;9;12.702000;633.000000;1.0.4
1;20;9;16.006000;768.400000;1.0.4
1;21;9;21.980000;1036.000000;1.0.4
1;22;9;31.118000;1397.400000;1.0.4
1;23;9;64.366000;2706.600000;1.0.4
1;24;9;104.100000;4307.400000;1.0.4
1;10;10;130.158000;5302.800000;1.0.4
1;11;10;122.272000;5068.000000;1.0.4
1;12;10;116.002000;4754.600000;1.0.4
1;13;10;110.614000;4544.400000;1.0.4
1;14;10;106.098000;4358.000000;1.0.4
1;15;10;102.428000;4244.600000;1.0.4
1;16;10;98.838000;4058.400000;1.0.4
1;17;10;115.324000;4747.800000;1.0.4
1;18;10;108.550000;4497.800000;1.0.4
1;19;10;99.480000;4169.000000;1.0.4
1;20;10;100.430000;4179.200000;1.0.4
1;21;10;106.216000;4405.800000;1.0.4
1;22;10;117.040000;4795.600000;1.0.4
1;23;10;129.826000;5300.600000;1.0.4
1;24;10;143.056000;5804.200000;1.0.4
1;10;11;314.750000;12811.400000;1.0.4
1;11;11;298.100000;12084.400000;1.0.4
1;12;11;280.276000;11496.200000;1.0.4
1;13;11;268.226000;10919.600000;1.0.4
1;14;11;258.542000;10555.200000;1.0.4
1;15;11;248.970000;10133.600000;1.0.4
1;16;11;240.838000;9921.200000;1.0.4
1;17;11;275.672000;11222.800000;1.0.4
1;18;11;294.728000;12158.400000;1.0.4
1;19;11;269.006000;11118.200000;1.0.4
1;20;11;250.556000;10325.600000;1.0.4
1;21;11;246.482000;10122.000000;1.0.4
1;22;11;251.224000;10287.600000;1.0.4
1;23;11;258.282000;10534.400000;1.0.4
1;24;11;272.354000;11118.200000;1.0.4
1;10;0;2.738000;183.000000;1.0.5
1;11;0;1.728000;143.200000;1.0.5
1;12;0;1.194000;147.200000;1.0.5
1;13;0;0.874000;76.600000;1.0.5
1;14;0;0.772000;74.400000;1.0.5
1;15;0;0.594000;76.800000;1.0.5
1;16;0;0.588000;79.000000;1.0.5
1;17;0;0.560000;78.600000;1.0.5
1;18;0;0.568000;78.600000;1.0.5
1;19;0;0.568000;79.000000;1.0.5
1;20;0;0.576000;79.000000;1.0.5
1;21;0;0.564000;78.400000;1.0.5
1;22;0;0.598000;77.600000;1.0.5
1;23;0;0.582000;78.800000;1.0.5
1;24;0;0.572000;91.400000;1.0.5
1;10;1;2.396000;198.600000;1.0.5
1;11;1;1.624000;149.400000;1.0.5
1;12;1;1.170000;134.000000;1.0.5
1;13;1;0.944000;122.000000;1.0.5
1;14;1;0.822000;103.800000;1.0.5
1;15;1;0.802000;94.000000;1.0.5
1;16;1;0.686000;78.800000;1.0.5
1;17;1;0.742000;78.800000;1.0.5
1;18;1;0.768000;76.400000;1.0.5
1;19;1;0.818000;104.600000;1.0.5
1;20;1;0.796000;108.800000;1.0.5
1;21;1;0.808000;106.000000;1.0.5
1;22;1;0.806000;98.800000;1.0.5
1;23;1;0.804000;110.800000;1.0.5
1;24;1;0.824000;94.000000;1.0.5
1;10;2;1.484000;123.800000;1.0.5
1;11;2;1.506000;145.200000;1.0.5
1;12;2;1.536000;155.600000;1.0.5
1;13;2;1.512000;132.200000;1.0.5
1;14;2;1.486000;139.800000;1.0.5
1;15;2;1.546000;138.800000;1.0.5
1;16;2;1.512000;153.200000;1.0.5
1;17;2;1.550000;152.000000;1.0.5
1;18;2;1.594000;144.000000;1.0.5
1;19;2;1.574000;160.800000;1.0.5
1;20;2;1.572000;155.200000;1.0.5
1;21;2;1.560000;121.800000;1.0.5
1;22;2;1.552000;151.800000;1.0.5
1;23;2;1.556000;147.600000;1.0.5
1;24;2;1.536000;154.600000;1.0.5
1;10;3;1.970000;168.600000;1.0.5
1;11;3;1.986000;182.200000;1.0.5
1;12;3;1.990000;165.400000;1.0.5
1;13;3;1.952000;168.800000;1.0.5
1;14;3;1.908000;178.000000;1.0.5
1;15;3;2.012000;188.400000;1.0.5
1;16;3;1.922000;180.400000;1.0.5
1;17;3;1.978000;158.600000;1.0.5
1;18;3;2.012000;182.200000;1.0.5
1;19;3;2.004000;177.800000;1.0.5
1;20;3;2.006000;161.800000;1.0.5
1;21;3;1.956000;161.200000;1.0.5
1;22;3;1.942000;175.000000;1.0.5
1;23;3;1.942000;167.000000;1.0.5
1;24;3;1.924000;161.200000;1.0.5
1;10;4;2.196000;183.000000;1.0.5
1;11;4;2.370000;195.200000;1.0.5
1;12;4;2.496000;164.800000;1.0.5
1;13;4;2.562000;190.000000;1.0.5
1;14;4;2.576000;187.600000;1.0.5
1;15;4;2.548000;162.200000;1.0.5
1;16;4;2.500000;206.200000;1.0.5
1;17;4;2.654000;181.600000;1.0.5
1;18;4;2.622000;198.600000;1.0.5
1;19;4;2.654000;212.000000;1.0.5
1;20;4;2.792000;220.000000;1.0.5
1;21;4;3.248000;219.200000;1.0.5
1;22;4;3.416000;219.200000;1.0.5
1;23;4;3.378000;235.000000;1.0.5
1;24;4;3.390000;207.800000;1.0.5
1;10;5;2.816000;210.400000;1.0.5
1;11;5;2.942000;214.200000;1.0.5
1;12;5;3.114000;234.200000;1.0.5
1;13;5;3.356000;235.400000;1.0.5
1;14;5;3.742000;252.800000;1.0.5
1;15;5;4.328000;254.400000;1.0.5
1;16;5;5.248000;328.000000;1.0.5
1;17;5;5.624000;325.400000;1.0.5
1;18;5;6.378000;367.200000;1.0.5
1;19;5;6.554000;364.600000;1.0.5
1;20;5;7.074000;387.000000;1.0.5
1;21;5;6.928000;396.200000;1.0.5
1;22;5;6.860000;410.600000;1.0.5
1;23;5;6.878000;404.000000;1.0.5
1;24;5;6.832000;381.200000;1.0.5
1;10;6;2.846000;169.000000;1.0.5
1;11;6;3.002000;236.800000;1.0.5
1;12;6;3.230000;222.600000;1.0.5
1;13;6;3.514000;251.200000;1.0.5
1;14;6;3.986000;255.000000;1.0.5
1;15;6;4.802000;320.000000;1.0.5
1;16;6;5.956000;320.000000;1.0.5
1;17;6;6.078000;374.600000;1.0.5
1;18;6;7.078000;371.400000;1.0.5
1;19;6;7.226000;414.600000;1.0.5
1;20;6;8.784000;468.600000;1.0.5
1;21;6;9.698000;495.800000;1.0.5
1;22;6;9.792000;517.000000;1.0.5
1;23;6;9.790000;544.400000;1.0.5
1;24;6;9.628000;506.000000;1.0.5
1;10;7;3.298000;219.200000;1.0.5
1;11;7;3.478000;247.400000;1.0.5
1;12;7;3.728000;260.200000;1.0.5
1;13;7;4.034000;258.400000;1.0.5
1;14;7;4.542000;302.200000;1.0.5
1;15;7;5.490000;336.000000;1.0.5
1;16;7;7.046000;393.800000;1.0.5
1;17;7;7.236000;399.000000;1.0.5
1;18;7;8.098000;444.200000;1.0.5
1;19;7;9.204000;478.800000;1.0.5
1;20;7;11.434000;582.000000;1.0.5
1;21;7;15.300000;745.200000;1.0.5
1;22;7;18.908000;901.400000;1.0.5
1;23;7;18.698000;881.000000;1.0.5
1;24;7;18.576000;897.200000;1.0.5
1;10;8;3.322000;222.800000;1.0.5
1;11;8;3.502000;215.200000;1.0.5
1;12;8;3.806000;263.400000;1.0.5
1;13;8;4.208000;247.400000;1.0.5
1;14;8;4.854000;315.000000;1.0.5
1;15;8;5.974000;351.600000;1.0.5
1;16;8;7.906000;424.400000;1.0.5
1;17;8;8.032000;439.200000;1.0.5
1;18;8;9.214000;496.000000;1.0.5
1;19;8;10.420000;551.400000;1.0.5
1;20;8;13.394000;671.200000;1.0.5
1;21;8;18.192000;863.000000;1.0.5
1;22;8;25.550000;1199.000000;1.0.5
1;23;8;35.826000;1617.400000;1.0.5
1;24;8;33.946000;1504.000000;1.0.5
1;10;9;4.124000;237.600000;1.0.5
1;11;9;4.286000;283.000000;1.0.5
1;12;9;4.560000;292.800000;1.0.5
1;13;9;5.114000;316.200000;1.0.5
1;14;9;5.806000;324.200000;1.0.5
1;15;9;6.908000;386.800000;1.0.5
1;16;9;8.356000;452.400000;1.0.5
1;17;9;9.882000;525.800000;1.0.5
1;18;9;11.514000;582.400000;1.0.5
1;19;9;12.634000;606.400000;1.0.5
1;20;9;15.988000;778.600000;1.0.5
1;21;9;20.840000;966.600000;1.0.5
1;22;9;29.612000;1354.400000;1.0.5
1;23;9;64.306000;2719.200000;1.0.5
1;24;9;100.392000;4218.000000;1.0.5
1;10;10;130.068000;5423.800000;1.0.5
1;11;10;122.316000;5163.200000;1.0.5
1;12;10;116.240000;4821.400000;1.0.5
1;13;10;110.434000;4613.000000;1.0.5
1;14;10;105.938000;4398.000000;1.0.5
1;15;10;102.194000;4306.000000;1.0.5
1;16;10;98.712000;4116.400000;1.0.5
1;17;10;115.718000;4825.400000;1.0.5
1;18;10;108.210000;4507.600000;1.0.5
1;19;10;98.768000;4151.800000;1.0.5
1;20;10;100.446000;4218.000000;1.0.5
1;21;10;105.912000;4421.200000;1.0.5
1;22;10;116.096000;4765.000000;1.0.5
1;23;10;129.882000;5361.200000;1.0.5
1;24;10;142.404000;5782.200000;1.0.5
1;10;11;316.728000;12964.600000;1.0.5
1;11;11;300.092000;12368.200000;1.0.5
1;12;11;282.244000;11673.800000;1.0.5
1;13;11;270.568000;11118.600000;1.0.5
1;14;11;260.692000;10744.600000;1.0.5
1;15;11;251.266000;10318.000000;1.0.5
1;16;11;243.792000;10088.200000;1.0.5
1;17;11;277.956000;11423.000000;1.0.5
1;18;11;295.020000;12073.200000;1.0.5
1;19;11;269.634000;11094.400000;1.0.5
1;20;11;251.102000;10447.400000;1.0.5
1;21;11;247.282000;10185.200000;1.0.5
1;22;11;252.468000;10421.000000;1.0.5
1;23;11;259.994000;10624.600000;1.0.5
1;24;11;274.052000;11284.800000;1.0.5
1;10;0;2.732000;205.000000;1.0.6
1;11;0;1.728000;138.400000;1.0.6
1;12;0;1.208000;149.200000;1.0.6
1;13;0;0.900000;126.200000;1.0.6
1;14;0;0.782000;103.000000;1.0.6
1;15;0;0.620000;76.600000;1.0.6
1;16;0;0.592000;78.200000;1.0.6
1;17;0;0.560000;78.800000;1.0.6
1;18;0;0.586000;78.800000;1.0.6
1;19;0;0.596000;77.200000;1.0.6
1;20;0;0.576000;79.000000;1.0.6
1;21;0;0.572000;78.200000;1.0.6
1;22;0;0.592000;79.000000;1.0.6
1;23;0;0.594000;79.400000;1.0.6
1;24;0;0.588000;78.600000;1.0.6
1;10;1;2.398000;208.200000;1.0.6
1;11;1;1.616000;128.400000;1.0.6
1;12;1;1.164000;144.000000;1.0.6
1;13;1;0.956000;136.200000;1.0.6
1;14;1;0.840000;109.600000;1.0.6
1;15;1;0.794000;89.000000;1.0.6
1;16;1;0.726000;93.000000;1.0.6
1;17;1;0.756000;78.400000;1.0.6
1;18;1;0.778000;79.000000;1.0.6
1;19;1;0.826000;79.200000;1.0.6
1;20;1;0.818000;77.200000;1.0.6
1;21;1;0.816000;116.400000;1.0.6
1;22;1;0.820000;110.600000;1.0.6
1;23;1;0.816000;95.600000;1.0.6
1;24;1;0.814000;94.800000;1.0.6
1;10;2;1.502000;131.000000;1.0.6
1;11;2;1.530000;156.200000;1.0.6
1;12;2;1.540000;154.000000;1.0.6
1;13;2;1.520000;145.600000;1.0.6
1;14;2;1.500000;155.800000;1.0.6
1;15;2;1.562000;170.000000;1.0.6
1;16;2;1.548000;132.400000;1.0.6
1;17;2;1.558000;125.800000;1.0.6
1;18;2;1.594000;121.800000;1.0.6
1;19;2;1.582000;158.600000;1.0.6
1;20;2;1.598000;127.400000;1.0.6
1;21;2;1.566000;132.000000;1.0.6
1;22;2;1.552000;162.000000;1.0.6
1;23;2;1.554000;155.000000;1.0.6
1;24;2;1.550000;132.000000;1.0.6
1;10;3;1.968000;207.800000;1.0.6
1;11;3;1.982000;196.600000;1.0.6
1;12;3;1.994000;171.800000;1.0.6
1;13;3;1.960000;184.600000;1.0.6
1;14;3;1.926000;195.800000;1.0.6
1;15;3;2.006000;208.400000;1.0.6
1;16;3;1.944000;187.400000;1.0.6
1;17;3;1.988000;207.400000;1.0.6
1;18;3;2.028000;164.400000;1.0.6
1;19;3;2.022000;196.800000;1.0.6
1;20;3;2.004000;208.200000;1.0.6
1;21;3;1.984000;181.200000;1.0.6
1;22;3;1.956000;216.200000;1.0.6
1;23;3;1.950000;190.400000;1.0.6
1;24;3;1.926000;192.000000;1.0.6
1;10;4;2.218000;178.600000;1.0.6
1;11;4;2.434000;198.000000;1.0.6
1;12;4;2.520000;149.600000;1.0.6
1;13;4;2.562000;199.200000;1.0.6
1;14;4;2.600000;200.600000;1.0.6
1;15;4;2.566000;202.800000;1.0.6
1;16;4;2.534000;199.800000;1.0.6
1;17;4;2.640000;201.400000;1.0.6
1;18;4;2.646000;202.400000;1.0.6
1;19;4;2.686000;209.000000;1.0.6
1;20;4;2.880000;197.000000;1.0.6
1;21;4;3.304000;217.200000;1.0.6
1;22;4;3.486000;263.000000;1.0.6
1;23;4;3.420000;250.200000;1.0.6
1;24;4;3.424000;256.600000;1.0.6
1;10;5;2.802000;199.800000;1.0.6
1;11;5;2.938000;226.000000;1.0.6
1;12;5;3.120000;216.400000;1.0.6
1;13;5;3.354000;206.400000;1.0.6
1;14;5;3.746000;270.000000;1.0.6
1;15;5;4.336000;289.800000;1.0.6
1;16;5;5.260000;300.600000;1.0.6
1;17;5;5.636000;334.400000;1.0.6
1;18;5;6.420000;377.600000;1.0.6
1;19;5;6.560000;372.000000;1.0.6
1;20;5;7.088000;390.200000;1.0.6
1;21;5;6.938000;375.200000;1.0.6
1;22;5;6.858000;399.000000;1.0.6
1;23;5;6.790000;396.000000;1.0.6
1;24;5;6.806000;401.800000;1.0.6
1;10;6;2.854000;235.800000;1.0.6
1;11;6;3.020000;229.000000;1.0.6
1;12;6;3.234000;239.800000;1.0.6
1;13;6;3.544000;245.200000;1.0.6
1;14;6;3.984000;271.000000;1.0.6
1;15;6;4.788000;308.800000;1.0.6
1;16;6;5.968000;347.400000;1.0.6
1;17;6;6.060000;342.800000;1.0.6
1;18;6;7.128000;424.400000;1.0.6
1;19;6;7.240000;423.200000;1.0.6
1;20;6;8.778000;482.600000;1.0.6
1;21;6;9.856000;521.800000;1.0.6
1;22;6;9.722000;528.600000;1.0.6
1;23;6;9.774000;535.600000;1.0.6
1;24;6;9.696000;514.800000;1.0.6
1;10;7;3.324000;221.600000;1.0.6
1;11;7;3.498000;228.200000;1.0.6
1;12;7;3.704000;257.000000;1.0.6
1;13;7;4.036000;265.200000;1.0.6
1;14;7;4.540000;297.200000;1.0.6
1;15;7;5.504000;341.800000;1.0.6
1;16;7;7.038000;403.600000;1.0.6
1;17;7;7.252000;425.600000;1.0.6
1;18;7;8.138000;461.400000;1.0.6
1;19;7;9.228000;493.200000;1.0.6
1;20;7;11.676000;608.000000;1.0.6
1;21;7;15.362000;742.400000;1.0.6
1;22;7;18.822000;893.400000;1.0.6
1;23;7;19.146000;921.200000;1.0.6
1;24;7;18.868000;907.800000;1.0.6
1;10;8;3.318000;220.800000;1.0.6
1;11;8;3.500000;242.000000;1.0.6
1;12;8;3.794000;264.400000;1.0.6
1;13;8;4.210000;266.000000;1.0.6
1;14;8;4.864000;333.800000;1.0.6
1;15;8;5.994000;318.600000;1.0.6
1;16;8;7.928000;413.600000;1.0.6
1;17;8;8.124000;445.800000;1.0.6
1;18;8;9.186000;489.800000;1.0.6
1;19;8;10.432000;526.200000;1.0.6
1;20;8;13.444000;699.600000;1.0.6
1;21;8;18.180000;873.800000;1.0.6
1;22;8;26.048000;1205.600000;1.0.6
1;23;8;34.282000;1547.200000;1.0.6
1;24;8;35.976000;1623.600000;1.0.6
1;10;9;4.140000;260.800000;1.0.6
1;11;9;4.258000;260.200000;1.0.6
1;12;9;4.578000;312.600000;1.0.6
1;13;9;5.128000;326.000000;1.0.6
1;14;9;5.834000;350.000000;1.0.6
1;15;9;6.920000;382.600000;1.0.6
1;16;9;8.370000;473.400000;1.0.6
1;17;9;9.876000;540.600000;1.0.6
1;18;9;11.416000;557.800000;1.0.6
1;19;9;12.720000;622.000000;1.0.6
1;20;9;16.050000;807.400000;1.0.6
1;21;9;21.292000;1002.000000;1.0.6
1;22;9;30.154000;1389.400000;1.0.6
1;23;9;65.136000;2744.000000;1.0.6
1;24;9;104.716000;4332.200000;1.0.6
1;10;10;130.110000;5468.800000;1.0.6
1;11;10;122.140000;5140.800000;1.0.6
1;12;10;115.712000;4843.800000;1.0.6
1;13;10;110.306000;4578.800000;1.0.6
1;14;10;105.712000;4404.000000;1.0.6
1;15;10;101.834000;4281.600000;1.0.6
1;16;10;98.374000;4118.800000;1.0.6
1;17;10;115.056000;4798.400000;1.0.6
1;18;10;108.264000;4568.200000;1.0.6
1;19;10;98.686000;4135.800000;1.0.6
1;20;10;100.680000;4233.000000;1.0.6
1;21;10;105.908000;4393.400000;1.0.6
1;22;10;116.690000;4832.600000;1.0.6
1;23;10;130.222000;5376.600000;1.0.6
1;24;10;142.326000;5837.400000;1.0.6
1;10;11;315.918000;12965.200000;1.0.6
1;11;11;299.140000;12300.400000;1.0.6
1;12;11;281.500000;11665.600000;1.0.6
1;13;11;269.298000;11131.000000;1.0.6
1;14;11;259.344000;10668.200000;1.0.6
1;15;11;249.932000;10299.600000;1.0.6
1;16;11;242.802000;10017.600000;1.0.6
1;17;11;276.984000;11529.000000;1.0.6
1;18;11;295.244000;12179.400000;1.0.6
1;19;11;270.158000;11139.800000;1.0.6
1;20;11;251.984000;10466.000000;1.0.6
1;21;11;248.294000;10336.000000;1.0.6
1;22;11;253.112000;10469.200000;1.0.6
1;23;11;260.544000;10684.800000;1.0.6
1;24;11;274.840000;11229.200000;1.0.6
1;10;0;2.724000;115.400000;1.0.7
1;11;0;1.692000;144.600000;1.0.7
1;12;0;1.190000;147.000000;1.0.7
1;13;0;0.872000;100.200000;1.0.7
1;14;0;0.764000;77.400000;1.0.7
1;15;0;0.606000;77.200000;1.0.7
1;16;0;0.574000;77.600000;1.0.7
1;17;0;0.560000;77.000000;1.0.7
1;18;0;0.558000;77.400000;1.0.7
1;19;0;0.566000;77.800000;1.0.7
1;20;0;0.566000;78.200000;1.0.7
1;21;0;0.570000;78.000000;1.0.7
1;22;0;0.572000;77.600000;1.0.7
1;23;0;0.566000;78.000000;1.0.7
1;24;0;0.572000;77.200000;1.0.7
1;10;1;2.376000;205.800000;1.0.7
1;11;1;1.612000;160.800000;1.0.7
1;12;1;1.164000;120.800000;1.0.7
1;13;1;0.936000;104.800000;1.0.7
1;14;1;0.822000;108.800000;1.0.7
1;15;1;0.780000;77.600000;1.0.7
1;16;1;0.676000;78.200000;1.0.7
1;17;1;0.728000;78.800000;1.0.7
1;18;1;0.774000;77.800000;1.0.7
1;19;1;0.810000;93.800000;1.0.7
1;20;1;0.830000;104.000000;1.0.7
1;21;1;0.806000;105.800000;1.0.7
1;22;1;0.812000;93.200000;1.0.7
1;23;1;0.828000;126.000000;1.0.7
1;24;1;0.800000;91.400000;1.0.7
1;10;2;1.468000;146.800000;1.0.7
1;11;2;1.512000;108.800000;1.0.7
1;12;2;1.524000;129.600000;1.0.7
1;13;2;1.504000;137.600000;1.0.7
1;14;2;1.486000;148.600000;1.0.7
1;15;2;1.562000;139.400000;1.0.7
1;16;2;1.526000;150.200000;1.0.7
1;17;2;1.560000;120.200000;1.0.7
1;18;2;1.580000;150.400000;1.0.7
1;19;2;1.572000;153.400000;1.0.7
1;20;2;1.578000;158.000000;1.0.7
1;21;2;1.546000;155.000000;1.0.7
1;22;2;1.542000;159.400000;1.0.7
1;23;2;1.534000;143.200000;1.0.7
1;24;2;1.540000;145.800000;1.0.7
1;10;3;1.948000;164.200000;1.0.7
1;11;3;1.976000;167.200000;1.0.7
1;12;3;1.974000;164.000000;1.0.7
1;13;3;1.954000;160.200000;1.0.7
1;14;3;1.918000;156.400000;1.0.7
1;15;3;1.998000;169.200000;1.0.7
1;16;3;1.930000;178.600000;1.0.7
1;17;3;1.982000;158.000000;1.0.7
1;18;3;2.000000;168.200000;1.0.7
1;19;3;1.992000;171.600000;1.0.7
1;20;3;1.992000;159.800000;1.0.7
1;21;3;1.940000;173.000000;1.0.7
1;22;3;1.958000;165.400000;1.0.7
1;23;3;1.926000;130.000000;1.0.7
1;24;3;1.932000;151.800000;1.0.7
1;10;4;2.162000;195.800000;1.0.7
1;11;4;2.374000;192.200000;1.0.7
1;12;4;2.508000;220.600000;1.0.7
1;13;4;2.564000;187.000000;1.0.7
1;14;4;2.532000;219.800000;1.0.7
1;15;4;2.526000;194.000000;1.0.7
1;16;4;2.542000;173.400000;1.0.7
1;17;4;2.624000;189.800000;1.0.7
1;18;4;2.620000;192.200000;1.0.7
1;19;4;2.622000;210.400000;1.0.7
1;20;4;2.780000;210.800000;1.0.7
1;21;4;3.166000;219.600000;1.0.7
1;22;4;3.396000;245.000000;1.0.7
1;23;4;3.396000;243.400000;1.0.7
1;24;4;3.274000;227.800000;1.0.7
1;10;5;2.810000;211.600000;1.0.7
1;11;5;2.942000;229.400000;1.0.7
1;12;5;3.122000;234.400000;1.0.7
1;13;5;3.362000;235.000000;1.0.7
1;14;5;3.744000;249.200000;1.0.7
1;15;5;4.362000;259.800000;1.0.7
1;16;5;5.248000;304.200000;1.0.7
1;17;5;5.574000;346.800000;1.0.7
1;18;5;6.344000;326.800000;1.0.7
1;19;5;6.448000;355.400000;1.0.7
1;20;5;6.832000;383.800000;1.0.7
1;21;5;6.832000;373.400000;1.0.7
1;22;5;6.706000;390.600000;1.0.7
1;23;5;6.728000;400.000000;1.0.7
1;24;5;6.696000;400.200000;1.0.7
1;10;6;2.846000;192.400000;1.0.7
1;11;6;3.020000;227.600000;1.0.7
1;12;6;3.230000;227.400000;1.0.7
1;13;6;3.544000;203.800000;1.0.7
1;14;6;4.004000;273.400000;1.0.7
1;15;6;4.794000;313.600000;1.0.7
1;16;6;5.908000;313.600000;1.0.7
1;17;6;5.956000;365.400000;1.0.7
1;18;6;7.024000;368.200000;1.0.7
1;19;6;7.106000;387.200000;1.0.7
1;20;6;8.524000;465.000000;1.0.7
1;21;6;9.436000;498.400000;1.0.7
1;22;6;9.380000;510.000000;1.0.7
1;23;6;9.344000;476.400000;1.0.7
1;24;6;9.346000;477.400000;1.0.7
1;10;7;3.332000;245.000000;1.0.7
1;11;7;3.490000;228.400000;1.0.7
1;12;7;3.726000;230.400000;1.0.7
1;13;7;4.042000;284.400000;1.0.7
1;14;7;4.532000;291.800000;1.0.7
1;15;7;5.470000;298.400000;1.0.7
1;16;7;6.962000;381.200000;1.0.7
1;17;7;7.186000;383.800000;1.0.7
1;18;7;8.068000;423.800000;1.0.7
1;19;7;9.008000;481.200000;1.0.7
1;20;7;11.362000;584.200000;1.0.7
1;21;7;14.858000;707.400000;1.0.7
1;22;7;17.874000;844.600000;1.0.7
1;23;7;18.000000;834.600000;1.0.7
1;24;7;17.904000;853.400000;1.0.7
1;10;8;3.326000;234.000000;1.0.7
1;11;8;3.520000;247.000000;1.0.7
1;12;8;3.828000;263.000000;1.0.7
1;13;8;4.200000;247.200000;1.0.7
1;14;8;4.852000;314.600000;1.0.7
1;15;8;5.958000;333.200000;1.0.7
1;16;8;7.904000;393.600000;1.0.7
1;17;8;8.084000;450.600000;1.0.7
1;18;8;9.218000;481.800000;1.0.7
1;19;8;10.294000;526.200000;1.0.7
1;20;8;13.128000;647.400000;1.0.7
1;21;8;17.466000;845.600000;1.0.7
1;22;8;24.102000;1119.000000;1.0.7
1;23;8;33.182000;1462.400000;1.0.7
1;24;8;31.862000;1389.200000;1.0.7
1;10;9;4.178000;273.600000;1.0.7
1;11;9;4.324000;282.800000;1.0.7
1;12;9;4.652000;284.200000;1.0.7
1;13;9;5.126000;294.200000;1.0.7
1;14;9;5.826000;329.800000;1.0.7
1;15;9;6.872000;385.200000;1.0.7
1;16;9;8.302000;418.800000;1.0.7
1;17;9;9.820000;511.600000;1.0.7
1;18;9;11.440000;583.200000;1.0.7
1;19;9;12.520000;621.000000;1.0.7
1;20;9;15.688000;745.400000;1.0.7
1;21;9;20.412000;952.600000;1.0.7
1;22;9;27.712000;1236.600000;1.0.7
1;23;9;57.904000;2480.000000;1.0.7
1;24;9;94.870000;3960.200000;1.0.7
1;10;10;128.586000;5311.800000;1.0.7
1;11;10;120.520000;4959.200000;1.0.7
1;12;10;114.728000;4716.600000;1.0.7
1;13;10;109.504000;4516.600000;1.0.7
1;14;10;104.738000;4309.800000;1.0.7
1;15;10;100.798000;4217.400000;1.0.7
1;16;10;97.600000;4021.200000;1.0.7
1;17;10;114.006000;4699.200000;1.0.7
1;18;10;107.450000;4432.600000;1.0.7
1;19;10;98.028000;4108.600000;1.0.7
1;20;10;99.820000;4146.600000;1.0.7
1;21;10;104.790000;4316.400000;1.0.7
1;22;10;115.208000;4710.200000;1.0.7
1;23;10;128.420000;5203.600000;1.0.7
1;24;10;140.310000;5679.200000;1.0.7
1;10;11;314.332000;12845.200000;1.0.7
1;11;11;298.076000;12260.400000;1.0.7
1;12;11;280.036000;11420.600000;1.0.7
1;13;11;267.998000;10932.400000;1.0.7
1;14;11;257.684000;10515.800000;1.0.7
1;15;11;249.030000;10146.000000;1.0.7
1;16;11;241.376000;9942.200000;1.0.7
1;17;11;276.124000;11280.400000;1.0.7
1;18;11;294.848000;12141.600000;1.0.7
1;19;11;268.490000;10919.800000;1.0.7
1;20;11;249.910000;10349.400000;1.0.7
1;21;11;246.196000;10079.200000;1.0.7
1;22;11;251.068000;10237.200000;1.0.7
1;23;11;258.134000;10488.400000;1.0.7
1;24;11;271.684000;11101.200000;1.0.7
